/*******************************************************************************
 * Size: 27 px
 * Bpp: 4
 * Opts: 
 ******************************************************************************/

#ifdef LV_LVGL_H_INCLUDE_SIMPLE
#include "lvgl.h"
#else
#include "lvgl.h"
#endif

#ifndef LV_FONT_SIMKAI_27
#define LV_FONT_SIMKAI_27 1
#endif

#if LV_FONT_SIMKAI_27

/*-----------------
 *    BITMAPS
 *----------------*/

/*Store the image of the glyphs*/
static LV_ATTRIBUTE_LARGE_CONST const uint8_t glyph_bitmap[] = {
    /* U+0021 "!" */
    0x9, 0xcc, 0x10, 0xcf, 0xf1, 0xb, 0xff, 0x0,
    0xbf, 0xf0, 0xa, 0xff, 0x0, 0x9f, 0xe0, 0x9,
    0xfd, 0x0, 0x8f, 0xc0, 0x7, 0xfc, 0x0, 0x7f,
    0xb0, 0x6, 0xfa, 0x0, 0x5f, 0xa0, 0x4, 0xf9,
    0x0, 0x4f, 0x80, 0x3, 0xf8, 0x0, 0x0, 0x0,
    0x0, 0x0, 0x0, 0x3a, 0x60, 0xe, 0xff, 0x30,
    0xef, 0xf4, 0x4, 0xc8, 0x0, 0x0, 0x0,

    /* U+0022 "\"" */
    0x6b, 0x90, 0x4b, 0xb0, 0x8f, 0xb0, 0x4f, 0xf0,
    0x6f, 0x90, 0x3f, 0xc0, 0x6f, 0x70, 0x2f, 0xa0,
    0x5f, 0x60, 0x2f, 0x90, 0x5f, 0x50, 0x1f, 0x80,

    /* U+0023 "#" */
    0x0, 0x0, 0xce, 0x0, 0x9, 0xf1, 0x0, 0x0,
    0xe, 0xc0, 0x0, 0xbf, 0x0, 0x0, 0x1, 0xf9,
    0x0, 0xe, 0xc0, 0x0, 0x0, 0x3f, 0x70, 0x0,
    0xfa, 0x0, 0x7f, 0xff, 0xff, 0xff, 0xff, 0xff,
    0xa7, 0xff, 0xff, 0xff, 0xff, 0xff, 0xfa, 0x1,
    0x19, 0xf2, 0x11, 0x7f, 0x51, 0x0, 0x0, 0xbf,
    0x0, 0x8, 0xf2, 0x0, 0x0, 0xd, 0xd0, 0x0,
    0xaf, 0x0, 0x0, 0x0, 0xfb, 0x0, 0xc, 0xe0,
    0x0, 0x1, 0x2f, 0x91, 0x11, 0xec, 0x11, 0x7,
    0xff, 0xff, 0xff, 0xff, 0xff, 0xfa, 0x7f, 0xff,
    0xff, 0xff, 0xff, 0xff, 0xa0, 0x6, 0xf4, 0x0,
    0x4f, 0x60, 0x0, 0x0, 0x8f, 0x20, 0x6, 0xf4,
    0x0, 0x0, 0xa, 0xf0, 0x0, 0x8f, 0x20, 0x0,
    0x0, 0xce, 0x0, 0xa, 0xf0, 0x0, 0x0, 0xf,
    0xc0, 0x0, 0xce, 0x0, 0x0,

    /* U+0024 "$" */
    0x0, 0x0, 0x3f, 0x40, 0x0, 0x0, 0x0, 0x3,
    0xf4, 0x0, 0x0, 0x0, 0x0, 0x3f, 0x40, 0x0,
    0x0, 0x1, 0xae, 0xff, 0xc3, 0x0, 0x3, 0xef,
    0xff, 0xff, 0xf3, 0x0, 0xcf, 0xc5, 0xf6, 0xdf,
    0xc0, 0x1f, 0xf2, 0x3f, 0x44, 0xff, 0x12, 0xff,
    0x3, 0xf4, 0x1e, 0xe3, 0xf, 0xf4, 0x3f, 0x40,
    0x0, 0x0, 0xaf, 0xe7, 0xf4, 0x0, 0x0, 0x1,
    0xdf, 0xff, 0x50, 0x0, 0x0, 0x0, 0x9f, 0xff,
    0x80, 0x0, 0x0, 0x0, 0x4f, 0xff, 0xc1, 0x0,
    0x0, 0x3, 0xf9, 0xff, 0xc0, 0x0, 0x0, 0x3f,
    0x46, 0xff, 0x48, 0xeb, 0x3, 0xf4, 0xe, 0xf7,
    0x8f, 0xe0, 0x3f, 0x40, 0xdf, 0x75, 0xff, 0x13,
    0xf4, 0xf, 0xf5, 0xe, 0xfc, 0x5f, 0x6b, 0xff,
    0x0, 0x5f, 0xff, 0xff, 0xff, 0x50, 0x0, 0x4c,
    0xff, 0xfc, 0x30, 0x0, 0x0, 0x3, 0xf4, 0x0,
    0x0, 0x0, 0x0, 0x3f, 0x40, 0x0, 0x0, 0x0,
    0x1, 0x82, 0x0, 0x0,

    /* U+0025 "%" */
    0x0, 0x0, 0x0, 0x0, 0x0, 0x0, 0x0, 0x0,
    0x0, 0x0, 0x0, 0x1d, 0x0, 0x3, 0xce, 0x80,
    0x0, 0x7, 0x80, 0x0, 0xef, 0xcf, 0x70, 0x0,
    0xd1, 0x0, 0x3f, 0x70, 0xec, 0x0, 0x5a, 0x0,
    0x5, 0xf5, 0xc, 0xd0, 0xc, 0x30, 0x0, 0x5f,
    0x50, 0xce, 0x3, 0xc0, 0x0, 0x4, 0xf5, 0xd,
    0xd0, 0xa5, 0x0, 0x0, 0x2f, 0x92, 0xfa, 0x1d,
    0x0, 0x0, 0x0, 0xbf, 0xff, 0x47, 0x70, 0x0,
    0x0, 0x0, 0x69, 0x30, 0xd1, 0x5e, 0xd3, 0x0,
    0x0, 0x0, 0x5a, 0x3f, 0xde, 0xf1, 0x0, 0x0,
    0xc, 0x38, 0xf2, 0x5f, 0x50, 0x0, 0x3, 0xc0,
    0xaf, 0x3, 0xf7, 0x0, 0x0, 0xa5, 0xb, 0xf0,
    0x2f, 0x80, 0x0, 0x1d, 0x0, 0xbf, 0x2, 0xf8,
    0x0, 0x8, 0x70, 0xa, 0xf0, 0x3f, 0x70, 0x0,
    0xe1, 0x0, 0x8f, 0x25, 0xf5, 0x0, 0x69, 0x0,
    0x3, 0xfd, 0xef, 0x10, 0xa, 0x20, 0x0, 0x5,
    0xed, 0x30,

    /* U+0026 "&" */
    0x0, 0x0, 0x8e, 0xfc, 0x30, 0x0, 0x0, 0x0,
    0xbf, 0xff, 0xff, 0x10, 0x0, 0x0, 0x3f, 0xf3,
    0xb, 0xf7, 0x0, 0x0, 0x6, 0xf9, 0x0, 0x7f,
    0x90, 0x0, 0x0, 0x6f, 0x90, 0x9, 0xf7, 0x0,
    0x0, 0x4, 0xfc, 0x1, 0xef, 0x20, 0x0, 0x0,
    0xe, 0xf3, 0xdf, 0x70, 0x0, 0x0, 0x0, 0x9f,
    0xff, 0x70, 0x0, 0x0, 0x0, 0xa, 0xff, 0x40,
    0x0, 0x0, 0x0, 0xb, 0xff, 0xfa, 0x0, 0x0,
    0x0, 0x9, 0xfa, 0x2f, 0xf5, 0x1, 0xff, 0x1,
    0xff, 0x10, 0x7f, 0xe2, 0x2f, 0xe0, 0x4f, 0xe0,
    0x0, 0xbf, 0xd8, 0xfb, 0x5, 0xfe, 0x0, 0x0,
    0xdf, 0xff, 0x50, 0x2f, 0xf3, 0x0, 0x1, 0xef,
    0xf4, 0x0, 0xcf, 0xe5, 0x0, 0x7f, 0xff, 0xf7,
    0x2, 0xef, 0xff, 0xff, 0xf7, 0xbf, 0x80, 0x1,
    0x8d, 0xfe, 0xb3, 0x0, 0x71,

    /* U+0027 "'" */
    0x4f, 0xf1, 0x3f, 0xf0, 0x2f, 0xc0, 0x1f, 0xb0,
    0x1f, 0xa0, 0xb, 0x60,

    /* U+0028 "(" */
    0x0, 0x0, 0x19, 0x0, 0x0, 0xc, 0xf4, 0x0,
    0x9, 0xf7, 0x0, 0x4, 0xfa, 0x0, 0x0, 0xee,
    0x0, 0x0, 0x7f, 0x50, 0x0, 0xd, 0xd0, 0x0,
    0x3, 0xf7, 0x0, 0x0, 0x7f, 0x20, 0x0, 0xa,
    0xf0, 0x0, 0x0, 0xcc, 0x0, 0x0, 0xd, 0xb0,
    0x0, 0x0, 0xdb, 0x0, 0x0, 0xd, 0xc0, 0x0,
    0x0, 0xbe, 0x0, 0x0, 0x8, 0xf1, 0x0, 0x0,
    0x4f, 0x50, 0x0, 0x0, 0xfb, 0x0, 0x0, 0x9,
    0xf2, 0x0, 0x0, 0x1f, 0xb0, 0x0, 0x0, 0x8f,
    0x60, 0x0, 0x0, 0xcf, 0x40, 0x0, 0x2, 0xef,
    0x30, 0x0, 0x3, 0xc1, 0x0, 0x0, 0x0, 0x0,

    /* U+0029 ")" */
    0x8, 0x20, 0x0, 0x0, 0x2f, 0xe1, 0x0, 0x0,
    0x4, 0xfc, 0x0, 0x0, 0x0, 0x7f, 0x70, 0x0,
    0x0, 0xc, 0xf2, 0x0, 0x0, 0x2, 0xfa, 0x0,
    0x0, 0x0, 0xaf, 0x10, 0x0, 0x0, 0x4f, 0x60,
    0x0, 0x0, 0xf, 0xa0, 0x0, 0x0, 0xc, 0xd0,
    0x0, 0x0, 0x9, 0xf0, 0x0, 0x0, 0x8, 0xf0,
    0x0, 0x0, 0x8, 0xf0, 0x0, 0x0, 0x9, 0xf0,
    0x0, 0x0, 0xb, 0xe0, 0x0, 0x0, 0xe, 0xb0,
    0x0, 0x0, 0x2f, 0x70, 0x0, 0x0, 0x8f, 0x20,
    0x0, 0x1, 0xec, 0x0, 0x0, 0x9, 0xf4, 0x0,
    0x0, 0x4f, 0xb0, 0x0, 0x2, 0xee, 0x10, 0x0,
    0x1e, 0xf3, 0x0, 0x0, 0xb, 0x50, 0x0, 0x0,
    0x0, 0x0, 0x0, 0x0,

    /* U+002A "*" */
    0x0, 0x0, 0x4, 0xfc, 0x0, 0x0, 0x0, 0x0,
    0x0, 0x3f, 0xb0, 0x0, 0x0, 0x4, 0x10, 0x3,
    0xfb, 0x0, 0x4, 0x1, 0xee, 0x50, 0x2f, 0xa0,
    0x1a, 0xf8, 0x3d, 0xff, 0xa3, 0xf9, 0x5e, 0xff,
    0x90, 0x6, 0xef, 0xff, 0xff, 0xfb, 0x20, 0x0,
    0x0, 0x8f, 0xff, 0xd3, 0x0, 0x0, 0x0, 0x6e,
    0xff, 0xff, 0xa2, 0x0, 0x5, 0xdf, 0xfa, 0xfc,
    0xdf, 0xf9, 0x14, 0xff, 0xd3, 0x2f, 0xa0, 0x8f,
    0xfc, 0xc, 0x80, 0x2, 0xfa, 0x0, 0x3d, 0x40,
    0x0, 0x0, 0x3f, 0xb0, 0x0, 0x0, 0x0, 0x0,
    0x3, 0xfc, 0x0, 0x0, 0x0, 0x0, 0x0, 0x3e,
    0xb0, 0x0, 0x0,

    /* U+002B "+" */
    0x0, 0x0, 0x2, 0x73, 0x0, 0x0, 0x0, 0x0,
    0x0, 0x4f, 0x70, 0x0, 0x0, 0x0, 0x0, 0x4,
    0xf7, 0x0, 0x0, 0x0, 0x0, 0x0, 0x4f, 0x70,
    0x0, 0x0, 0x0, 0x0, 0x4, 0xf7, 0x0, 0x0,
    0x0, 0x0, 0x0, 0x4f, 0x70, 0x0, 0x0, 0x7f,
    0xff, 0xff, 0xff, 0xff, 0xff, 0xa5, 0xcc, 0xcc,
    0xdf, 0xdc, 0xcc, 0xc7, 0x0, 0x0, 0x4, 0xf7,
    0x0, 0x0, 0x0, 0x0, 0x0, 0x4f, 0x70, 0x0,
    0x0, 0x0, 0x0, 0x4, 0xf7, 0x0, 0x0, 0x0,
    0x0, 0x0, 0x4f, 0x70, 0x0, 0x0, 0x0, 0x0,
    0x4, 0xf7, 0x0, 0x0, 0x0,

    /* U+002D "-" */
    0x5c, 0xcc, 0xcc, 0xcc, 0xcc, 0xcc, 0x67, 0xff,
    0xff, 0xff, 0xff, 0xff, 0xf8,

    /* U+002E "." */
    0x0, 0x0, 0xa, 0xf7, 0xf, 0xfd, 0xa, 0xf7,

    /* U+002F "/" */
    0x0, 0x0, 0x0, 0x0, 0x0, 0x3, 0x10, 0x0,
    0x0, 0x0, 0x0, 0x0, 0xe6, 0x0, 0x0, 0x0,
    0x0, 0x0, 0x8e, 0x0, 0x0, 0x0, 0x0, 0x0,
    0x1f, 0x50, 0x0, 0x0, 0x0, 0x0, 0x9, 0xd0,
    0x0, 0x0, 0x0, 0x0, 0x2, 0xf4, 0x0, 0x0,
    0x0, 0x0, 0x0, 0xab, 0x0, 0x0, 0x0, 0x0,
    0x0, 0x3f, 0x30, 0x0, 0x0, 0x0, 0x0, 0xc,
    0xa0, 0x0, 0x0, 0x0, 0x0, 0x4, 0xf2, 0x0,
    0x0, 0x0, 0x0, 0x0, 0xd9, 0x0, 0x0, 0x0,
    0x0, 0x0, 0x6f, 0x10, 0x0, 0x0, 0x0, 0x0,
    0xe, 0x70, 0x0, 0x0, 0x0, 0x0, 0x7, 0xe0,
    0x0, 0x0, 0x0, 0x0, 0x1, 0xe6, 0x0, 0x0,
    0x0, 0x0, 0x0, 0x8d, 0x0, 0x0, 0x0, 0x0,
    0x0, 0x1f, 0x50, 0x0, 0x0, 0x0, 0x0, 0xa,
    0xc0, 0x0, 0x0, 0x0, 0x0, 0x2, 0xf3, 0x0,
    0x0, 0x0, 0x0, 0x0, 0xbb, 0x0, 0x0, 0x0,
    0x0, 0x0, 0x3f, 0x20, 0x0, 0x0, 0x0, 0x0,
    0x2, 0x70, 0x0, 0x0, 0x0, 0x0, 0x0,

    /* U+0030 "0" */
    0x0, 0x0, 0x6d, 0xfe, 0x91, 0x0, 0x0, 0x0,
    0xaf, 0xff, 0xff, 0xd0, 0x0, 0x0, 0x7f, 0xf8,
    0x23, 0xdf, 0x90, 0x0, 0x1f, 0xf7, 0x0, 0x2,
    0xff, 0x20, 0x7, 0xfe, 0x0, 0x0, 0xa, 0xf7,
    0x0, 0xbf, 0x90, 0x0, 0x0, 0x5f, 0xc0, 0xe,
    0xf5, 0x0, 0x0, 0x2, 0xfe, 0x0, 0xff, 0x30,
    0x0, 0x0, 0x1f, 0xf0, 0xf, 0xf2, 0x0, 0x0,
    0x0, 0xff, 0x11, 0xff, 0x10, 0x0, 0x0, 0xf,
    0xf1, 0x1f, 0xf1, 0x0, 0x0, 0x0, 0xff, 0x10,
    0xff, 0x20, 0x0, 0x0, 0xf, 0xf0, 0xe, 0xf4,
    0x0, 0x0, 0x2, 0xff, 0x0, 0xbf, 0x70, 0x0,
    0x0, 0x5f, 0xc0, 0x7, 0xfc, 0x0, 0x0, 0x9,
    0xf9, 0x0, 0x1f, 0xf4, 0x0, 0x1, 0xff, 0x40,
    0x0, 0xaf, 0xe4, 0x1, 0xcf, 0xd0, 0x0, 0x1,
    0xdf, 0xfe, 0xff, 0xf3, 0x0, 0x0, 0x0, 0x9f,
    0xff, 0xc3, 0x0, 0x0, 0x0, 0x0, 0x3, 0x20,
    0x0, 0x0,

    /* U+0031 "1" */
    0x0, 0x0, 0xaf, 0x0, 0x0, 0x8f, 0xf0, 0x0,
    0x7f, 0xff, 0x0, 0xaf, 0xef, 0xf0, 0x8f, 0xb2,
    0xff, 0x8, 0x70, 0x1f, 0xf0, 0x0, 0x1, 0xff,
    0x0, 0x0, 0x1f, 0xf0, 0x0, 0x1, 0xff, 0x0,
    0x0, 0x1f, 0xf0, 0x0, 0x1, 0xff, 0x0, 0x0,
    0x1f, 0xf0, 0x0, 0x1, 0xff, 0x0, 0x0, 0x1f,
    0xf0, 0x0, 0x1, 0xff, 0x0, 0x0, 0x1f, 0xf0,
    0x0, 0x1, 0xff, 0x0, 0x0, 0x1f, 0xf0,

    /* U+0032 "2" */
    0x0, 0x0, 0x0, 0x0, 0x0, 0x0, 0x0, 0x3,
    0xbf, 0xff, 0xc5, 0x0, 0x0, 0x6f, 0xff, 0xcd,
    0xff, 0x80, 0x2, 0xff, 0x90, 0x0, 0x7f, 0xf3,
    0xb, 0xf9, 0x0, 0x0, 0xc, 0xf8, 0xa, 0xc1,
    0x0, 0x0, 0x9, 0xfa, 0x0, 0x0, 0x0, 0x0,
    0xa, 0xf9, 0x0, 0x0, 0x0, 0x0, 0xf, 0xf5,
    0x0, 0x0, 0x0, 0x0, 0x7f, 0xe0, 0x0, 0x0,
    0x0, 0x2, 0xff, 0x50, 0x0, 0x0, 0x0, 0xc,
    0xfb, 0x0, 0x0, 0x0, 0x0, 0x8f, 0xe1, 0x0,
    0x0, 0x0, 0x5, 0xff, 0x30, 0x0, 0x0, 0x0,
    0x3f, 0xf5, 0x0, 0x0, 0x0, 0x2, 0xef, 0x80,
    0x0, 0x0, 0x0, 0x2e, 0xfa, 0x0, 0x0, 0x0,
    0x0, 0xdf, 0xc0, 0x0, 0x0, 0x0, 0x7, 0xff,
    0xff, 0xff, 0xff, 0xfe, 0xb, 0xff, 0xff, 0xff,
    0xff, 0xfe,

    /* U+0033 "3" */
    0x0, 0x0, 0x1, 0x10, 0x0, 0x0, 0x0, 0x2b,
    0xff, 0xfe, 0x70, 0x0, 0x1, 0xef, 0xeb, 0xef,
    0xfa, 0x0, 0xb, 0xfa, 0x0, 0x6, 0xff, 0x40,
    0x3f, 0xd0, 0x0, 0x0, 0xbf, 0x80, 0x7e, 0x60,
    0x0, 0x0, 0x8f, 0xa0, 0x0, 0x0, 0x0, 0x0,
    0x9f, 0x80, 0x0, 0x0, 0x0, 0x1, 0xff, 0x30,
    0x0, 0x0, 0x0, 0x5d, 0xf9, 0x0, 0x0, 0x0,
    0x8f, 0xff, 0x80, 0x0, 0x0, 0x0, 0x6d, 0xff,
    0xd3, 0x0, 0x0, 0x0, 0x0, 0x2b, 0xfe, 0x20,
    0x0, 0x0, 0x0, 0x0, 0xdf, 0xa0, 0x0, 0x0,
    0x0, 0x0, 0x7f, 0xd0, 0x14, 0x0, 0x0, 0x0,
    0x5f, 0xe0, 0xdf, 0x50, 0x0, 0x0, 0x7f, 0xc0,
    0x8f, 0xd1, 0x0, 0x0, 0xef, 0x80, 0x1f, 0xfd,
    0x51, 0x3b, 0xff, 0x10, 0x4, 0xff, 0xff, 0xff,
    0xe3, 0x0, 0x0, 0x2a, 0xef, 0xe9, 0x10, 0x0,

    /* U+0034 "4" */
    0x0, 0x0, 0x0, 0x0, 0x7f, 0x70, 0x0, 0x0,
    0x0, 0x0, 0x3f, 0xf7, 0x0, 0x0, 0x0, 0x0,
    0xd, 0xff, 0x70, 0x0, 0x0, 0x0, 0xa, 0xff,
    0xf7, 0x0, 0x0, 0x0, 0x5, 0xfe, 0xaf, 0x70,
    0x0, 0x0, 0x1, 0xff, 0x49, 0xf7, 0x0, 0x0,
    0x0, 0xcf, 0x80, 0x9f, 0x70, 0x0, 0x0, 0x7f,
    0xc0, 0x9, 0xf7, 0x0, 0x0, 0x3f, 0xf2, 0x0,
    0x9f, 0x70, 0x0, 0xd, 0xf5, 0x0, 0x9, 0xf7,
    0x0, 0x9, 0xf9, 0x0, 0x0, 0x9f, 0x70, 0x5,
    0xfd, 0x0, 0x0, 0x9, 0xf7, 0x0, 0xbf, 0xff,
    0xff, 0xff, 0xff, 0xff, 0xf9, 0xdd, 0xdd, 0xdd,
    0xdf, 0xfe, 0xdd, 0x0, 0x0, 0x0, 0x0, 0x9f,
    0x70, 0x0, 0x0, 0x0, 0x0, 0x9, 0xf7, 0x0,
    0x0, 0x0, 0x0, 0x0, 0x9f, 0x70, 0x0, 0x0,
    0x0, 0x0, 0x9, 0xf7, 0x0,

    /* U+0035 "5" */
    0x0, 0x2f, 0xff, 0xff, 0xff, 0xf4, 0x0, 0x5,
    0xff, 0xff, 0xff, 0xff, 0x40, 0x0, 0x9f, 0x60,
    0x0, 0x0, 0x0, 0x0, 0xc, 0xf3, 0x0, 0x0,
    0x0, 0x0, 0x0, 0xff, 0x0, 0x0, 0x0, 0x0,
    0x0, 0x3f, 0xc0, 0x0, 0x0, 0x0, 0x0, 0x6,
    0xfc, 0xbe, 0xfe, 0xa3, 0x0, 0x0, 0xaf, 0xff,
    0xcc, 0xff, 0xf6, 0x0, 0xe, 0xfa, 0x10, 0x0,
    0x9f, 0xf2, 0x0, 0x35, 0x0, 0x0, 0x0, 0xcf,
    0x90, 0x0, 0x0, 0x0, 0x0, 0x6, 0xfd, 0x0,
    0x0, 0x0, 0x0, 0x0, 0x4f, 0xf0, 0x0, 0x0,
    0x0, 0x0, 0x5, 0xfe, 0x5, 0xe8, 0x0, 0x0,
    0x0, 0x8f, 0xb0, 0x4f, 0xe0, 0x0, 0x0, 0x1f,
    0xf6, 0x0, 0xdf, 0xa0, 0x0, 0x2d, 0xfd, 0x0,
    0x2, 0xef, 0xfc, 0xdf, 0xfd, 0x20, 0x0, 0x1,
    0x9e, 0xfe, 0xb6, 0x0, 0x0,

    /* U+0036 "6" */
    0x0, 0x0, 0x0, 0xe, 0xf7, 0x0, 0x0, 0x0,
    0x0, 0x9, 0xfc, 0x0, 0x0, 0x0, 0x0, 0x4,
    0xff, 0x20, 0x0, 0x0, 0x0, 0x0, 0xdf, 0x80,
    0x0, 0x0, 0x0, 0x0, 0x9f, 0xd0, 0x0, 0x0,
    0x0, 0x0, 0x4f, 0xf3, 0x0, 0x0, 0x0, 0x0,
    0xd, 0xfc, 0x79, 0x83, 0x0, 0x0, 0x8, 0xff,
    0xeb, 0xcf, 0xfa, 0x10, 0x1, 0xff, 0x90, 0x0,
    0x1a, 0xfc, 0x0, 0x8f, 0xd0, 0x0, 0x0, 0xd,
    0xf5, 0xc, 0xf8, 0x0, 0x0, 0x0, 0x9f, 0xa0,
    0xef, 0x50, 0x0, 0x0, 0x7, 0xfc, 0xe, 0xf5,
    0x0, 0x0, 0x0, 0x8f, 0xc0, 0xcf, 0x80, 0x0,
    0x0, 0xb, 0xfa, 0x8, 0xfe, 0x10, 0x0, 0x3,
    0xff, 0x50, 0x1e, 0xfc, 0x30, 0x5, 0xef, 0xd0,
    0x0, 0x3e, 0xff, 0xff, 0xff, 0xe2, 0x0, 0x0,
    0x17, 0xce, 0xfe, 0x91, 0x0,

    /* U+0037 "7" */
    0xdf, 0xff, 0xff, 0xff, 0xff, 0xf7, 0xdf, 0xff,
    0xff, 0xff, 0xff, 0xf7, 0x0, 0x0, 0x0, 0x0,
    0x1f, 0xf1, 0x0, 0x0, 0x0, 0x0, 0x9f, 0x80,
    0x0, 0x0, 0x0, 0x2, 0xfe, 0x0, 0x0, 0x0,
    0x0, 0xb, 0xf6, 0x0, 0x0, 0x0, 0x0, 0x3f,
    0xe0, 0x0, 0x0, 0x0, 0x0, 0xaf, 0x70, 0x0,
    0x0, 0x0, 0x2, 0xfe, 0x0, 0x0, 0x0, 0x0,
    0x9, 0xf8, 0x0, 0x0, 0x0, 0x0, 0xf, 0xf2,
    0x0, 0x0, 0x0, 0x0, 0x5f, 0xc0, 0x0, 0x0,
    0x0, 0x0, 0xbf, 0x60, 0x0, 0x0, 0x0, 0x1,
    0xff, 0x10, 0x0, 0x0, 0x0, 0x6, 0xfc, 0x0,
    0x0, 0x0, 0x0, 0xb, 0xf8, 0x0, 0x0, 0x0,
    0x0, 0xf, 0xf4, 0x0, 0x0, 0x0, 0x0, 0x4f,
    0xf0, 0x0, 0x0, 0x0,

    /* U+0038 "8" */
    0x0, 0x5, 0xbe, 0xfe, 0xb4, 0x0, 0x0, 0x9,
    0xff, 0xff, 0xff, 0xf8, 0x0, 0x4, 0xfe, 0x40,
    0x2, 0x9f, 0xf3, 0x0, 0x9f, 0x60, 0x0, 0x0,
    0xbf, 0x80, 0xa, 0xf5, 0x0, 0x0, 0xa, 0xf7,
    0x0, 0x7f, 0xb0, 0x0, 0x1, 0xef, 0x40, 0x1,
    0xef, 0xb5, 0x46, 0xdf, 0xb0, 0x0, 0x2, 0xdf,
    0xff, 0xff, 0x80, 0x0, 0x0, 0x9f, 0xff, 0xff,
    0xfe, 0x50, 0x0, 0x7f, 0xff, 0xdc, 0xef, 0xff,
    0x50, 0xe, 0xfe, 0x40, 0x0, 0x6f, 0xfc, 0x2,
    0xff, 0x40, 0x0, 0x0, 0x6f, 0xf0, 0x3f, 0xf0,
    0x0, 0x0, 0x0, 0xff, 0x13, 0xfe, 0x0, 0x0,
    0x0, 0x1f, 0xf0, 0xf, 0xf1, 0x0, 0x0, 0x4,
    0xfc, 0x0, 0xaf, 0x90, 0x0, 0x1, 0xdf, 0x50,
    0x1, 0xdf, 0xc8, 0x79, 0xff, 0x90, 0x0, 0x0,
    0x7c, 0xef, 0xec, 0x60, 0x0,

    /* U+0039 "9" */
    0x0, 0x3, 0xae, 0xfd, 0x91, 0x0, 0x0, 0x9f,
    0xff, 0xff, 0xff, 0x40, 0x6, 0xff, 0xb4, 0x37,
    0xff, 0xf2, 0xe, 0xfb, 0x0, 0x0, 0x3f, 0xf9,
    0x4f, 0xf2, 0x0, 0x0, 0xa, 0xfd, 0x6f, 0xe0,
    0x0, 0x0, 0x7, 0xfe, 0x6f, 0xc0, 0x0, 0x0,
    0x8, 0xfc, 0x4f, 0xe0, 0x0, 0x0, 0xb, 0xf8,
    0xf, 0xf5, 0x0, 0x0, 0x3f, 0xf2, 0x6, 0xfe,
    0x40, 0x3, 0xef, 0xa0, 0x0, 0x5e, 0xfd, 0xef,
    0xff, 0x20, 0x0, 0x0, 0x34, 0x5f, 0xf9, 0x0,
    0x0, 0x0, 0x0, 0x8f, 0xe1, 0x0, 0x0, 0x0,
    0x1, 0xff, 0x60, 0x0, 0x0, 0x0, 0x9, 0xfc,
    0x0, 0x0, 0x0, 0x0, 0x2f, 0xf3, 0x0, 0x0,
    0x0, 0x0, 0xbf, 0x90, 0x0, 0x0, 0x0, 0x5,
    0xfe, 0x10, 0x0, 0x0,

    /* U+003A ":" */
    0xb, 0xe4, 0x4f, 0xfc, 0x2f, 0xf8, 0x2, 0x40,
    0x0, 0x0, 0x0, 0x0, 0x0, 0x0, 0x0, 0x0,
    0x2, 0x50, 0x2f, 0xf8, 0x4f, 0xfc, 0xb, 0xe4,

    /* U+003B ";" */
    0x2, 0x40, 0x2, 0xff, 0x80, 0x4f, 0xfc, 0x0,
    0xbe, 0x40, 0x0, 0x0, 0x0, 0x0, 0x0, 0x0,
    0x0, 0x0, 0x0, 0x0, 0x0, 0x0, 0x0, 0xbe,
    0x50, 0x4f, 0xff, 0x2, 0xff, 0xf0, 0x2, 0xec,
    0x0, 0xe, 0x50, 0x8, 0xa0, 0x7, 0x80, 0x0,
    0x0, 0x0, 0x0,

    /* U+003C "<" */
    0x0, 0x0, 0x0, 0x0, 0x0, 0x2a, 0x0, 0x0,
    0x0, 0x0, 0x0, 0x2e, 0xe2, 0x0, 0x0, 0x0,
    0x0, 0x3e, 0xe2, 0x0, 0x0, 0x0, 0x0, 0x3f,
    0xe2, 0x0, 0x0, 0x0, 0x0, 0x4f, 0xd1, 0x0,
    0x0, 0x0, 0x0, 0x4f, 0xd1, 0x0, 0x0, 0x0,
    0x0, 0x5f, 0xc1, 0x0, 0x0, 0x0, 0x0, 0x5f,
    0xb0, 0x0, 0x0, 0x0, 0x0, 0x6f, 0xb0, 0x0,
    0x0, 0x0, 0x0, 0x7f, 0xa0, 0x0, 0x0, 0x0,
    0x0, 0xc, 0xf5, 0x0, 0x0, 0x0, 0x0, 0x0,
    0xb, 0xf6, 0x0, 0x0, 0x0, 0x0, 0x0, 0xa,
    0xf7, 0x0, 0x0, 0x0, 0x0, 0x0, 0x9, 0xf9,
    0x0, 0x0, 0x0, 0x0, 0x0, 0x8, 0xfa, 0x0,
    0x0, 0x0, 0x0, 0x0, 0x7, 0xfb, 0x0, 0x0,
    0x0, 0x0, 0x0, 0x6, 0xfc, 0x10, 0x0, 0x0,
    0x0, 0x0, 0x5, 0xfd, 0x10, 0x0, 0x0, 0x0,
    0x0, 0x4, 0xfd, 0x20, 0x0, 0x0, 0x0, 0x0,
    0x3, 0xd1, 0x0, 0x0, 0x0, 0x0, 0x0, 0x0,
    0x0,

    /* U+003D "=" */
    0x5c, 0xcc, 0xcc, 0xcc, 0xcc, 0xcc, 0x67, 0xff,
    0xff, 0xff, 0xff, 0xff, 0xf8, 0x0, 0x0, 0x0,
    0x0, 0x0, 0x0, 0x0, 0x0, 0x0, 0x0, 0x0,
    0x0, 0x0, 0x0, 0x0, 0x0, 0x0, 0x0, 0x0,
    0x0, 0x0, 0x0, 0x0, 0x0, 0x0, 0x0, 0x0,
    0x0, 0x0, 0x0, 0x0, 0x0, 0x5, 0xcc, 0xcc,
    0xcc, 0xcc, 0xcc, 0xc6, 0x7f, 0xff, 0xff, 0xff,
    0xff, 0xff, 0x80,

    /* U+003E ">" */
    0x7, 0x50, 0x0, 0x0, 0x0, 0x0, 0x0, 0xcf,
    0x50, 0x0, 0x0, 0x0, 0x0, 0x0, 0xbf, 0x60,
    0x0, 0x0, 0x0, 0x0, 0x0, 0xbf, 0x70, 0x0,
    0x0, 0x0, 0x0, 0x0, 0xaf, 0x80, 0x0, 0x0,
    0x0, 0x0, 0x0, 0x9f, 0x80, 0x0, 0x0, 0x0,
    0x0, 0x0, 0x8f, 0x90, 0x0, 0x0, 0x0, 0x0,
    0x0, 0x7f, 0xa0, 0x0, 0x0, 0x0, 0x0, 0x0,
    0x6f, 0xa0, 0x0, 0x0, 0x0, 0x0, 0x0, 0x6f,
    0xb0, 0x0, 0x0, 0x0, 0x0, 0x2, 0xee, 0x20,
    0x0, 0x0, 0x0, 0x3, 0xee, 0x20, 0x0, 0x0,
    0x0, 0x3, 0xfd, 0x10, 0x0, 0x0, 0x0, 0x4,
    0xfc, 0x10, 0x0, 0x0, 0x0, 0x6, 0xfc, 0x0,
    0x0, 0x0, 0x0, 0x7, 0xfb, 0x0, 0x0, 0x0,
    0x0, 0x8, 0xfa, 0x0, 0x0, 0x0, 0x0, 0x9,
    0xf9, 0x0, 0x0, 0x0, 0x0, 0xa, 0xf8, 0x0,
    0x0, 0x0, 0x0, 0x0, 0xa7, 0x0, 0x0, 0x0,
    0x0, 0x0, 0x0, 0x0, 0x0, 0x0, 0x0, 0x0,
    0x0,

    /* U+003F "?" */
    0x0, 0x19, 0xef, 0xeb, 0x30, 0x0, 0x2e, 0xff,
    0xff, 0xff, 0x60, 0xd, 0xfe, 0x51, 0x4d, 0xff,
    0x14, 0xff, 0x30, 0x0, 0x4f, 0xf6, 0x7f, 0xe0,
    0x0, 0x1, 0xff, 0x76, 0xb9, 0x0, 0x0, 0x2f,
    0xf5, 0x0, 0x0, 0x0, 0x8, 0xff, 0x0, 0x0,
    0x0, 0x5, 0xff, 0x60, 0x0, 0x0, 0x5, 0xff,
    0x80, 0x0, 0x0, 0x2, 0xff, 0x70, 0x0, 0x0,
    0x0, 0x8f, 0xb0, 0x0, 0x0, 0x0, 0x9, 0xf5,
    0x0, 0x0, 0x0, 0x0, 0x24, 0x10, 0x0, 0x0,
    0x0, 0x0, 0x0, 0x0, 0x0, 0x0, 0x0, 0x0,
    0x0, 0x0, 0x0, 0x0, 0xb, 0xf6, 0x0, 0x0,
    0x0, 0x1, 0xff, 0xc0, 0x0, 0x0, 0x0, 0xa,
    0xf5, 0x0, 0x0,

    /* U+0040 "@" */
    0x0, 0x0, 0x4b, 0xee, 0xc6, 0x0, 0x0, 0x0,
    0x9c, 0x30, 0x2, 0xaa, 0x0, 0x0, 0x8b, 0x0,
    0x0, 0x0, 0xb6, 0x0, 0x3d, 0x0, 0x2c, 0xf8,
    0xf4, 0xe0, 0xa, 0x60, 0x1e, 0xb4, 0xef, 0xc,
    0x40, 0xf1, 0xb, 0xe0, 0xc, 0xc0, 0x87, 0x3d,
    0x3, 0xf7, 0x0, 0xe9, 0x7, 0x95, 0xa0, 0x9f,
    0x10, 0x1f, 0x60, 0x6a, 0x69, 0xd, 0xd0, 0x4,
    0xf3, 0x6, 0x97, 0x90, 0xfb, 0x0, 0x7f, 0x0,
    0x88, 0x6a, 0xf, 0xa0, 0xa, 0xd0, 0xb, 0x55,
    0xb0, 0xed, 0x0, 0xfc, 0x1, 0xf1, 0x2e, 0x9,
    0xfb, 0xce, 0xf9, 0xd8, 0x0, 0xe2, 0x1b, 0xfa,
    0x1c, 0xf8, 0x0, 0x8, 0x90, 0x0, 0x0, 0x0,
    0x0, 0x0, 0xd, 0x50, 0x0, 0x0, 0x15, 0x0,
    0x0, 0x2d, 0x81, 0x0, 0x4c, 0x40, 0x0, 0x0,
    0x7, 0xce, 0xea, 0x20, 0x0,

    /* U+0041 "A" */
    0x0, 0x0, 0x8, 0xfd, 0x0, 0x0, 0x0, 0x0,
    0x0, 0xdf, 0xf2, 0x0, 0x0, 0x0, 0x0, 0x2f,
    0xff, 0x60, 0x0, 0x0, 0x0, 0x6, 0xff, 0xfb,
    0x0, 0x0, 0x0, 0x0, 0xbf, 0xcf, 0xf0, 0x0,
    0x0, 0x0, 0xf, 0xf3, 0xef, 0x40, 0x0, 0x0,
    0x5, 0xfe, 0x9, 0xf9, 0x0, 0x0, 0x0, 0x9f,
    0x90, 0x5f, 0xe0, 0x0, 0x0, 0xe, 0xf4, 0x0,
    0xff, 0x30, 0x0, 0x3, 0xff, 0x0, 0xb, 0xf7,
    0x0, 0x0, 0x7f, 0xff, 0xff, 0xff, 0xc0, 0x0,
    0xc, 0xff, 0xff, 0xff, 0xff, 0x10, 0x1, 0xff,
    0x41, 0x11, 0x1e, 0xf5, 0x0, 0x5f, 0xf0, 0x0,
    0x0, 0xaf, 0xa0, 0xa, 0xfb, 0x0, 0x0, 0x6,
    0xfe, 0x0, 0xef, 0x70, 0x0, 0x0, 0x2f, 0xf3,
    0x3f, 0xf3, 0x0, 0x0, 0x0, 0xef, 0x88, 0xff,
    0x0, 0x0, 0x0, 0xb, 0xfd,

    /* U+0042 "B" */
    0xdf, 0xff, 0xff, 0xfc, 0x60, 0x0, 0xdf, 0xff,
    0xff, 0xff, 0xfb, 0x0, 0xdf, 0xa1, 0x11, 0x29,
    0xff, 0x70, 0xdf, 0x90, 0x0, 0x0, 0xbf, 0xc0,
    0xdf, 0x90, 0x0, 0x0, 0x8f, 0xe0, 0xdf, 0x90,
    0x0, 0x0, 0xbf, 0xb0, 0xdf, 0x90, 0x0, 0x29,
    0xff, 0x40, 0xdf, 0xff, 0xff, 0xff, 0xe5, 0x0,
    0xdf, 0xff, 0xff, 0xff, 0xc4, 0x0, 0xdf, 0xa1,
    0x11, 0x4a, 0xff, 0x60, 0xdf, 0x90, 0x0, 0x0,
    0x9f, 0xf1, 0xdf, 0x90, 0x0, 0x0, 0x2f, 0xf5,
    0xdf, 0x90, 0x0, 0x0, 0x1f, 0xf6, 0xdf, 0x90,
    0x0, 0x0, 0x3f, 0xf5, 0xdf, 0x90, 0x0, 0x0,
    0x9f, 0xf2, 0xdf, 0xa1, 0x12, 0x4a, 0xff, 0xc0,
    0xdf, 0xff, 0xff, 0xff, 0xfe, 0x20, 0xdf, 0xff,
    0xff, 0xec, 0x70, 0x0,

    /* U+0043 "C" */
    0x0, 0x0, 0x4b, 0xef, 0xd6, 0x0, 0x0, 0x0,
    0x7f, 0xff, 0xff, 0xfb, 0x0, 0x0, 0x5f, 0xfa,
    0x31, 0x6f, 0xf8, 0x0, 0xe, 0xfa, 0x0, 0x0,
    0x7f, 0xf0, 0x5, 0xff, 0x20, 0x0, 0x1, 0xff,
    0x40, 0xaf, 0xd0, 0x0, 0x0, 0xe, 0xf6, 0xc,
    0xfa, 0x0, 0x0, 0x0, 0x78, 0x30, 0xff, 0x80,
    0x0, 0x0, 0x0, 0x0, 0xf, 0xf8, 0x0, 0x0,
    0x0, 0x0, 0x0, 0xff, 0x70, 0x0, 0x0, 0x0,
    0x0, 0xf, 0xf8, 0x0, 0x0, 0x0, 0x33, 0x20,
    0xef, 0x90, 0x0, 0x0, 0xe, 0xf7, 0xc, 0xfc,
    0x0, 0x0, 0x0, 0xff, 0x60, 0x8f, 0xf1, 0x0,
    0x0, 0x3f, 0xf3, 0x2, 0xff, 0x80, 0x0, 0x9,
    0xfe, 0x0, 0x9, 0xff, 0x92, 0x29, 0xff, 0x70,
    0x0, 0xb, 0xff, 0xff, 0xff, 0xa0, 0x0, 0x0,
    0x5, 0xcf, 0xfc, 0x50, 0x0,

    /* U+0044 "D" */
    0xdf, 0xff, 0xfd, 0xa4, 0x0, 0x0, 0xdf, 0xff,
    0xff, 0xff, 0xb0, 0x0, 0xdf, 0xa1, 0x25, 0xcf,
    0xfb, 0x0, 0xdf, 0x90, 0x0, 0x9, 0xff, 0x50,
    0xdf, 0x90, 0x0, 0x0, 0xef, 0xb0, 0xdf, 0x90,
    0x0, 0x0, 0x9f, 0xf0, 0xdf, 0x90, 0x0, 0x0,
    0x6f, 0xf2, 0xdf, 0x90, 0x0, 0x0, 0x4f, 0xf4,
    0xdf, 0x90, 0x0, 0x0, 0x3f, 0xf5, 0xdf, 0x90,
    0x0, 0x0, 0x3f, 0xf5, 0xdf, 0x90, 0x0, 0x0,
    0x4f, 0xf4, 0xdf, 0x90, 0x0, 0x0, 0x6f, 0xf2,
    0xdf, 0x90, 0x0, 0x0, 0x9f, 0xf0, 0xdf, 0x90,
    0x0, 0x0, 0xef, 0xb0, 0xdf, 0x90, 0x0, 0x9,
    0xff, 0x40, 0xdf, 0xa1, 0x25, 0xbf, 0xf9, 0x0,
    0xdf, 0xff, 0xff, 0xff, 0x90, 0x0, 0xdf, 0xff,
    0xfd, 0x92, 0x0, 0x0,

    /* U+0045 "E" */
    0x8f, 0xff, 0xff, 0xff, 0xff, 0xb0, 0x8f, 0xff,
    0xff, 0xff, 0xff, 0xb0, 0x8f, 0xe1, 0x11, 0x11,
    0x11, 0x0, 0x8f, 0xe0, 0x0, 0x0, 0x0, 0x0,
    0x8f, 0xe0, 0x0, 0x0, 0x0, 0x0, 0x8f, 0xe0,
    0x0, 0x0, 0x0, 0x0, 0x8f, 0xe0, 0x0, 0x0,
    0x0, 0x0, 0x8f, 0xff, 0xff, 0xff, 0xff, 0x10,
    0x8f, 0xff, 0xff, 0xff, 0xff, 0x10, 0x8f, 0xe1,
    0x11, 0x11, 0x11, 0x0, 0x8f, 0xe0, 0x0, 0x0,
    0x0, 0x0, 0x8f, 0xe0, 0x0, 0x0, 0x0, 0x0,
    0x8f, 0xe0, 0x0, 0x0, 0x0, 0x0, 0x8f, 0xe0,
    0x0, 0x0, 0x0, 0x0, 0x8f, 0xe0, 0x0, 0x0,
    0x0, 0x0, 0x8f, 0xe1, 0x11, 0x11, 0x11, 0x10,
    0x8f, 0xff, 0xff, 0xff, 0xff, 0xf3, 0x8f, 0xff,
    0xff, 0xff, 0xff, 0xf3,

    /* U+0046 "F" */
    0xbf, 0xff, 0xff, 0xff, 0xff, 0xf5, 0xbf, 0xff,
    0xff, 0xff, 0xff, 0xf5, 0xbf, 0xb1, 0x11, 0x11,
    0x11, 0x10, 0xbf, 0xb0, 0x0, 0x0, 0x0, 0x0,
    0xbf, 0xb0, 0x0, 0x0, 0x0, 0x0, 0xbf, 0xb0,
    0x0, 0x0, 0x0, 0x0, 0xbf, 0xb0, 0x0, 0x0,
    0x0, 0x0, 0xbf, 0xb1, 0x11, 0x11, 0x10, 0x0,
    0xbf, 0xff, 0xff, 0xff, 0xf3, 0x0, 0xbf, 0xff,
    0xff, 0xff, 0xf3, 0x0, 0xbf, 0xb0, 0x0, 0x0,
    0x0, 0x0, 0xbf, 0xb0, 0x0, 0x0, 0x0, 0x0,
    0xbf, 0xb0, 0x0, 0x0, 0x0, 0x0, 0xbf, 0xb0,
    0x0, 0x0, 0x0, 0x0, 0xbf, 0xb0, 0x0, 0x0,
    0x0, 0x0, 0xbf, 0xb0, 0x0, 0x0, 0x0, 0x0,
    0xbf, 0xb0, 0x0, 0x0, 0x0, 0x0, 0xbf, 0xb0,
    0x0, 0x0, 0x0, 0x0,

    /* U+0047 "G" */
    0x0, 0x0, 0x6c, 0xff, 0xc5, 0x0, 0x0, 0x0,
    0xbf, 0xff, 0xff, 0xf8, 0x0, 0x0, 0x8f, 0xf7,
    0x23, 0xaf, 0xf3, 0x0, 0x1f, 0xf7, 0x0, 0x0,
    0xcf, 0xa0, 0x6, 0xff, 0x10, 0x0, 0x7, 0xfe,
    0x0, 0xaf, 0xc0, 0x0, 0x0, 0x3b, 0xb0, 0xd,
    0xfa, 0x0, 0x0, 0x0, 0x0, 0x0, 0xff, 0x80,
    0x0, 0x0, 0x0, 0x0, 0xf, 0xf8, 0x0, 0x5f,
    0xff, 0xff, 0x0, 0xff, 0x70, 0x5, 0xff, 0xff,
    0xf0, 0xf, 0xf8, 0x0, 0x1, 0x12, 0xff, 0x0,
    0xff, 0x90, 0x0, 0x0, 0x1f, 0xf0, 0xc, 0xfc,
    0x0, 0x0, 0x2, 0xff, 0x0, 0x8f, 0xf1, 0x0,
    0x0, 0x5f, 0xf0, 0x3, 0xff, 0x90, 0x0, 0xb,
    0xff, 0x0, 0xa, 0xff, 0x92, 0x29, 0xff, 0xf0,
    0x0, 0xb, 0xff, 0xff, 0xfd, 0xff, 0x0, 0x0,
    0x7, 0xdf, 0xe9, 0x1d, 0xf0,

    /* U+0048 "H" */
    0xdf, 0x90, 0x0, 0x0, 0x6f, 0xf0, 0xdf, 0x90,
    0x0, 0x0, 0x6f, 0xf0, 0xdf, 0x90, 0x0, 0x0,
    0x6f, 0xf0, 0xdf, 0x90, 0x0, 0x0, 0x6f, 0xf0,
    0xdf, 0x90, 0x0, 0x0, 0x6f, 0xf0, 0xdf, 0x90,
    0x0, 0x0, 0x6f, 0xf0, 0xdf, 0x90, 0x0, 0x0,
    0x6f, 0xf0, 0xdf, 0xff, 0xff, 0xff, 0xff, 0xf0,
    0xdf, 0xff, 0xff, 0xff, 0xff, 0xf0, 0xdf, 0xa1,
    0x11, 0x11, 0x7f, 0xf0, 0xdf, 0x90, 0x0, 0x0,
    0x6f, 0xf0, 0xdf, 0x90, 0x0, 0x0, 0x6f, 0xf0,
    0xdf, 0x90, 0x0, 0x0, 0x6f, 0xf0, 0xdf, 0x90,
    0x0, 0x0, 0x6f, 0xf0, 0xdf, 0x90, 0x0, 0x0,
    0x6f, 0xf0, 0xdf, 0x90, 0x0, 0x0, 0x6f, 0xf0,
    0xdf, 0x90, 0x0, 0x0, 0x6f, 0xf0, 0xdf, 0x90,
    0x0, 0x0, 0x6f, 0xf0,

    /* U+0049 "I" */
    0xaf, 0xda, 0xfd, 0xaf, 0xda, 0xfd, 0xaf, 0xda,
    0xfd, 0xaf, 0xda, 0xfd, 0xaf, 0xda, 0xfd, 0xaf,
    0xda, 0xfd, 0xaf, 0xda, 0xfd, 0xaf, 0xda, 0xfd,
    0xaf, 0xda, 0xfd,

    /* U+004A "J" */
    0x0, 0x0, 0x0, 0x0, 0x9f, 0xd0, 0x0, 0x0,
    0x0, 0x9, 0xfd, 0x0, 0x0, 0x0, 0x0, 0x9f,
    0xd0, 0x0, 0x0, 0x0, 0x9, 0xfd, 0x0, 0x0,
    0x0, 0x0, 0x9f, 0xd0, 0x0, 0x0, 0x0, 0x9,
    0xfd, 0x0, 0x0, 0x0, 0x0, 0x9f, 0xd0, 0x0,
    0x0, 0x0, 0x9, 0xfd, 0x0, 0x0, 0x0, 0x0,
    0x9f, 0xd0, 0x0, 0x0, 0x0, 0x9, 0xfd, 0x12,
    0x10, 0x0, 0x0, 0x9f, 0xda, 0xfc, 0x0, 0x0,
    0x9, 0xfc, 0x9f, 0xc0, 0x0, 0x0, 0xaf, 0xc8,
    0xfe, 0x0, 0x0, 0xc, 0xfa, 0x4f, 0xf4, 0x0,
    0x2, 0xff, 0x70, 0xef, 0xf8, 0x57, 0xef, 0xf1,
    0x3, 0xff, 0xff, 0xff, 0xf6, 0x0, 0x2, 0x9e,
    0xfe, 0xa3, 0x0,

    /* U+004B "K" */
    0xdf, 0x90, 0x0, 0x0, 0xcf, 0xe2, 0xdf, 0x90,
    0x0, 0x9, 0xff, 0x40, 0xdf, 0x90, 0x0, 0x5f,
    0xf7, 0x0, 0xdf, 0x90, 0x2, 0xff, 0xa0, 0x0,
    0xdf, 0x90, 0xd, 0xfd, 0x0, 0x0, 0xdf, 0x90,
    0xaf, 0xf2, 0x0, 0x0, 0xdf, 0x96, 0xff, 0x40,
    0x0, 0x0, 0xdf, 0xcf, 0xff, 0x20, 0x0, 0x0,
    0xdf, 0xff, 0xff, 0xa0, 0x0, 0x0, 0xdf, 0xfd,
    0x8f, 0xf3, 0x0, 0x0, 0xdf, 0xf3, 0xe, 0xfc,
    0x0, 0x0, 0xdf, 0x90, 0x6, 0xff, 0x40, 0x0,
    0xdf, 0x90, 0x0, 0xdf, 0xd0, 0x0, 0xdf, 0x90,
    0x0, 0x4f, 0xf6, 0x0, 0xdf, 0x90, 0x0, 0xc,
    0xfe, 0x0, 0xdf, 0x90, 0x0, 0x3, 0xff, 0x80,
    0xdf, 0x90, 0x0, 0x0, 0xbf, 0xf1, 0xdf, 0x90,
    0x0, 0x0, 0x2f, 0xf9,

    /* U+004C "L" */
    0xbf, 0xb0, 0x0, 0x0, 0x0, 0x0, 0xbf, 0xb0,
    0x0, 0x0, 0x0, 0x0, 0xbf, 0xb0, 0x0, 0x0,
    0x0, 0x0, 0xbf, 0xb0, 0x0, 0x0, 0x0, 0x0,
    0xbf, 0xb0, 0x0, 0x0, 0x0, 0x0, 0xbf, 0xb0,
    0x0, 0x0, 0x0, 0x0, 0xbf, 0xb0, 0x0, 0x0,
    0x0, 0x0, 0xbf, 0xb0, 0x0, 0x0, 0x0, 0x0,
    0xbf, 0xb0, 0x0, 0x0, 0x0, 0x0, 0xbf, 0xb0,
    0x0, 0x0, 0x0, 0x0, 0xbf, 0xb0, 0x0, 0x0,
    0x0, 0x0, 0xbf, 0xb0, 0x0, 0x0, 0x0, 0x0,
    0xbf, 0xb0, 0x0, 0x0, 0x0, 0x0, 0xbf, 0xb0,
    0x0, 0x0, 0x0, 0x0, 0xbf, 0xb0, 0x0, 0x0,
    0x0, 0x0, 0xbf, 0xb1, 0x11, 0x11, 0x11, 0x10,
    0xbf, 0xff, 0xff, 0xff, 0xff, 0xf3, 0xbf, 0xff,
    0xff, 0xff, 0xff, 0xf3,

    /* U+004D "M" */
    0xf, 0xff, 0x50, 0x0, 0xf, 0xff, 0x50, 0xff,
    0xf8, 0x0, 0x3, 0xff, 0xf5, 0xf, 0xff, 0xb0,
    0x0, 0x6f, 0xff, 0x50, 0xff, 0xfe, 0x0, 0x9,
    0xff, 0xf5, 0xf, 0xff, 0xf1, 0x0, 0xdf, 0xff,
    0x50, 0xff, 0xdf, 0x50, 0xf, 0xfd, 0xf5, 0xf,
    0xf9, 0xf8, 0x3, 0xfc, 0xcf, 0x50, 0xff, 0x5f,
    0xb0, 0x6f, 0x9c, 0xf5, 0xf, 0xf2, 0xfe, 0x9,
    0xf6, 0xcf, 0x50, 0xff, 0x1e, 0xf1, 0xdf, 0x2c,
    0xf5, 0xf, 0xf1, 0xbf, 0x5f, 0xf0, 0xcf, 0x50,
    0xff, 0x18, 0xfc, 0xfc, 0xc, 0xf5, 0xf, 0xf1,
    0x4f, 0xff, 0x90, 0xcf, 0x50, 0xff, 0x11, 0xff,
    0xf6, 0xc, 0xf5, 0xf, 0xf1, 0xe, 0xff, 0x20,
    0xcf, 0x50, 0xff, 0x10, 0xbf, 0xf0, 0xc, 0xf5,
    0xf, 0xf1, 0x8, 0xfc, 0x0, 0xcf, 0x50, 0xff,
    0x10, 0x4f, 0x90, 0xc, 0xf5,

    /* U+004E "N" */
    0xff, 0xe0, 0x0, 0x0, 0x6f, 0xf0, 0xff, 0xf5,
    0x0, 0x0, 0x6f, 0xf0, 0xff, 0xfc, 0x0, 0x0,
    0x6f, 0xf0, 0xff, 0xff, 0x30, 0x0, 0x6f, 0xf0,
    0xff, 0xff, 0xb0, 0x0, 0x6f, 0xf0, 0xff, 0xaf,
    0xf2, 0x0, 0x6f, 0xf0, 0xff, 0x7b, 0xf9, 0x0,
    0x6f, 0xf0, 0xff, 0x74, 0xff, 0x10, 0x6f, 0xf0,
    0xff, 0x70, 0xdf, 0x70, 0x6f, 0xf0, 0xff, 0x70,
    0x6f, 0xe0, 0x6f, 0xf0, 0xff, 0x70, 0xe, 0xf5,
    0x6f, 0xf0, 0xff, 0x70, 0x8, 0xfc, 0x6f, 0xf0,
    0xff, 0x70, 0x1, 0xff, 0xaf, 0xf0, 0xff, 0x70,
    0x0, 0x9f, 0xff, 0xf0, 0xff, 0x70, 0x0, 0x2f,
    0xff, 0xf0, 0xff, 0x70, 0x0, 0xb, 0xff, 0xf0,
    0xff, 0x70, 0x0, 0x4, 0xff, 0xf0, 0xff, 0x70,
    0x0, 0x0, 0xdf, 0xf0,

    /* U+004F "O" */
    0x0, 0x1, 0x9d, 0xfe, 0xa3, 0x0, 0x0, 0x3,
    0xef, 0xff, 0xff, 0xf6, 0x0, 0x0, 0xef, 0xe5,
    0x14, 0xdf, 0xf2, 0x0, 0x7f, 0xf3, 0x0, 0x1,
    0xef, 0xa0, 0xc, 0xfc, 0x0, 0x0, 0x8, 0xff,
    0x0, 0xff, 0x80, 0x0, 0x0, 0x5f, 0xf2, 0x2f,
    0xf6, 0x0, 0x0, 0x3, 0xff, 0x53, 0xff, 0x40,
    0x0, 0x0, 0x2f, 0xf6, 0x3f, 0xf4, 0x0, 0x0,
    0x1, 0xff, 0x63, 0xff, 0x40, 0x0, 0x0, 0x1f,
    0xf6, 0x3f, 0xf5, 0x0, 0x0, 0x2, 0xff, 0x61,
    0xff, 0x60, 0x0, 0x0, 0x3f, 0xf4, 0xf, 0xf8,
    0x0, 0x0, 0x5, 0xff, 0x20, 0xbf, 0xc0, 0x0,
    0x0, 0x9f, 0xe0, 0x6, 0xff, 0x40, 0x0, 0x1f,
    0xfa, 0x0, 0xd, 0xff, 0x61, 0x4d, 0xff, 0x20,
    0x0, 0x2e, 0xff, 0xff, 0xff, 0x50, 0x0, 0x0,
    0x19, 0xdf, 0xea, 0x30, 0x0,

    /* U+0050 "P" */
    0xaf, 0xff, 0xff, 0xfc, 0x70, 0x0, 0xaf, 0xff,
    0xff, 0xff, 0xfd, 0x10, 0xaf, 0xd1, 0x11, 0x38,
    0xff, 0xb0, 0xaf, 0xc0, 0x0, 0x0, 0x6f, 0xf2,
    0xaf, 0xc0, 0x0, 0x0, 0x1f, 0xf5, 0xaf, 0xc0,
    0x0, 0x0, 0xf, 0xf6, 0xaf, 0xc0, 0x0, 0x0,
    0x1f, 0xf5, 0xaf, 0xc0, 0x0, 0x0, 0x6f, 0xf2,
    0xaf, 0xc1, 0x11, 0x38, 0xff, 0xb0, 0xaf, 0xff,
    0xff, 0xff, 0xfd, 0x10, 0xaf, 0xff, 0xff, 0xfc,
    0x70, 0x0, 0xaf, 0xc0, 0x0, 0x0, 0x0, 0x0,
    0xaf, 0xc0, 0x0, 0x0, 0x0, 0x0, 0xaf, 0xc0,
    0x0, 0x0, 0x0, 0x0, 0xaf, 0xc0, 0x0, 0x0,
    0x0, 0x0, 0xaf, 0xc0, 0x0, 0x0, 0x0, 0x0,
    0xaf, 0xc0, 0x0, 0x0, 0x0, 0x0, 0xaf, 0xc0,
    0x0, 0x0, 0x0, 0x0,

    /* U+0051 "Q" */
    0x0, 0x1, 0x9d, 0xfe, 0xa3, 0x0, 0x0, 0x3,
    0xef, 0xff, 0xff, 0xf6, 0x0, 0x0, 0xef, 0xe5,
    0x14, 0xdf, 0xf2, 0x0, 0x7f, 0xf3, 0x0, 0x1,
    0xef, 0xa0, 0xc, 0xfc, 0x0, 0x0, 0x8, 0xff,
    0x0, 0xff, 0x80, 0x0, 0x0, 0x5f, 0xf2, 0x2f,
    0xf6, 0x0, 0x0, 0x3, 0xff, 0x53, 0xff, 0x40,
    0x0, 0x0, 0x2f, 0xf6, 0x3f, 0xf4, 0x0, 0x0,
    0x1, 0xff, 0x63, 0xff, 0x40, 0x0, 0x0, 0x1f,
    0xf6, 0x3f, 0xf5, 0x0, 0x1, 0x1, 0xff, 0x61,
    0xff, 0x60, 0x0, 0xc8, 0x3f, 0xf4, 0xf, 0xf8,
    0x0, 0x4f, 0xf7, 0xff, 0x20, 0xbf, 0xc0, 0x0,
    0xcf, 0xff, 0xe0, 0x6, 0xff, 0x40, 0x4, 0xff,
    0xf9, 0x0, 0xd, 0xff, 0x61, 0x3e, 0xff, 0x10,
    0x0, 0x2e, 0xff, 0xff, 0xff, 0xf4, 0x0, 0x0,
    0x19, 0xdf, 0xe9, 0xdf, 0x70, 0x0, 0x0, 0x0,
    0x0, 0x5, 0xa0, 0x0, 0x0, 0x0, 0x0, 0x0,
    0x0, 0x0,

    /* U+0052 "R" */
    0xdf, 0xff, 0xff, 0xeb, 0x60, 0x0, 0xdf, 0xff,
    0xff, 0xff, 0xfc, 0x0, 0xdf, 0xa1, 0x11, 0x4b,
    0xff, 0x90, 0xdf, 0x90, 0x0, 0x0, 0xcf, 0xe0,
    0xdf, 0x90, 0x0, 0x0, 0x6f, 0xf1, 0xdf, 0x90,
    0x0, 0x0, 0x6f, 0xf1, 0xdf, 0x90, 0x0, 0x0,
    0xaf, 0xe0, 0xdf, 0x91, 0x11, 0x39, 0xff, 0x80,
    0xdf, 0xff, 0xff, 0xff, 0xfb, 0x0, 0xdf, 0xff,
    0xff, 0xfe, 0x50, 0x0, 0xdf, 0x90, 0x6, 0xff,
    0x10, 0x0, 0xdf, 0x90, 0x0, 0xef, 0x80, 0x0,
    0xdf, 0x90, 0x0, 0x7f, 0xf1, 0x0, 0xdf, 0x90,
    0x0, 0x1f, 0xf7, 0x0, 0xdf, 0x90, 0x0, 0x8,
    0xfe, 0x0, 0xdf, 0x90, 0x0, 0x1, 0xff, 0x70,
    0xdf, 0x90, 0x0, 0x0, 0x9f, 0xe0, 0xdf, 0x90,
    0x0, 0x0, 0x2f, 0xf6,

    /* U+0053 "S" */
    0x0, 0x2, 0x9e, 0xfe, 0xb3, 0x0, 0x0, 0x4,
    0xff, 0xff, 0xff, 0xf5, 0x0, 0x1, 0xff, 0xd6,
    0x36, 0xef, 0xf1, 0x0, 0x7f, 0xf2, 0x0, 0x2,
    0xff, 0x60, 0x9, 0xfd, 0x0, 0x0, 0xc, 0xfa,
    0x0, 0x8f, 0xf0, 0x0, 0x0, 0x12, 0x10, 0x3,
    0xff, 0xa1, 0x0, 0x0, 0x0, 0x0, 0x6, 0xff,
    0xf8, 0x20, 0x0, 0x0, 0x0, 0x3, 0xcf, 0xff,
    0xb2, 0x0, 0x0, 0x0, 0x0, 0x4a, 0xff, 0xf6,
    0x0, 0x0, 0x0, 0x0, 0x2, 0xcf, 0xf5, 0x0,
    0x0, 0x0, 0x0, 0x0, 0xcf, 0xe0, 0xd, 0xd4,
    0x0, 0x0, 0x4, 0xff, 0x30, 0xff, 0x70, 0x0,
    0x0, 0x4f, 0xf2, 0xc, 0xfd, 0x0, 0x0, 0xa,
    0xff, 0x0, 0x5f, 0xfc, 0x41, 0x39, 0xff, 0x90,
    0x0, 0x9f, 0xff, 0xff, 0xff, 0xb0, 0x0, 0x0,
    0x4b, 0xef, 0xeb, 0x60, 0x0,

    /* U+0054 "T" */
    0xdf, 0xff, 0xff, 0xff, 0xff, 0xf0, 0xdf, 0xff,
    0xff, 0xff, 0xff, 0xf0, 0x11, 0x11, 0xaf, 0xd1,
    0x11, 0x10, 0x0, 0x0, 0xaf, 0xd0, 0x0, 0x0,
    0x0, 0x0, 0xaf, 0xd0, 0x0, 0x0, 0x0, 0x0,
    0xaf, 0xd0, 0x0, 0x0, 0x0, 0x0, 0xaf, 0xd0,
    0x0, 0x0, 0x0, 0x0, 0xaf, 0xd0, 0x0, 0x0,
    0x0, 0x0, 0xaf, 0xd0, 0x0, 0x0, 0x0, 0x0,
    0xaf, 0xd0, 0x0, 0x0, 0x0, 0x0, 0xaf, 0xd0,
    0x0, 0x0, 0x0, 0x0, 0xaf, 0xd0, 0x0, 0x0,
    0x0, 0x0, 0xaf, 0xd0, 0x0, 0x0, 0x0, 0x0,
    0xaf, 0xd0, 0x0, 0x0, 0x0, 0x0, 0xaf, 0xd0,
    0x0, 0x0, 0x0, 0x0, 0xaf, 0xd0, 0x0, 0x0,
    0x0, 0x0, 0xaf, 0xd0, 0x0, 0x0, 0x0, 0x0,
    0xaf, 0xd0, 0x0, 0x0,

    /* U+0055 "U" */
    0xdf, 0x90, 0x0, 0x0, 0x4f, 0xf2, 0xdf, 0x90,
    0x0, 0x0, 0x4f, 0xf2, 0xdf, 0x90, 0x0, 0x0,
    0x4f, 0xf2, 0xdf, 0x90, 0x0, 0x0, 0x4f, 0xf2,
    0xdf, 0x90, 0x0, 0x0, 0x4f, 0xf2, 0xdf, 0x90,
    0x0, 0x0, 0x4f, 0xf2, 0xdf, 0x90, 0x0, 0x0,
    0x4f, 0xf2, 0xdf, 0x90, 0x0, 0x0, 0x4f, 0xf2,
    0xdf, 0x90, 0x0, 0x0, 0x4f, 0xf2, 0xdf, 0x90,
    0x0, 0x0, 0x4f, 0xf2, 0xdf, 0x90, 0x0, 0x0,
    0x4f, 0xf2, 0xdf, 0x90, 0x0, 0x0, 0x4f, 0xf2,
    0xdf, 0x90, 0x0, 0x0, 0x5f, 0xf1, 0xcf, 0xb0,
    0x0, 0x0, 0x6f, 0xf0, 0x9f, 0xf1, 0x0, 0x0,
    0xcf, 0xd0, 0x3f, 0xfd, 0x41, 0x3a, 0xff, 0x70,
    0x8, 0xff, 0xff, 0xff, 0xfc, 0x0, 0x0, 0x4b,
    0xef, 0xfc, 0x70, 0x0,

    /* U+0056 "V" */
    0xaf, 0xe0, 0x0, 0x0, 0x0, 0xcf, 0xb5, 0xff,
    0x20, 0x0, 0x0, 0x1f, 0xf6, 0x1f, 0xf6, 0x0,
    0x0, 0x5, 0xff, 0x20, 0xcf, 0xb0, 0x0, 0x0,
    0xaf, 0xd0, 0x7, 0xff, 0x0, 0x0, 0xe, 0xf8,
    0x0, 0x2f, 0xf4, 0x0, 0x2, 0xff, 0x40, 0x0,
    0xef, 0x80, 0x0, 0x7f, 0xf0, 0x0, 0x9, 0xfc,
    0x0, 0xb, 0xfa, 0x0, 0x0, 0x4f, 0xf1, 0x0,
    0xff, 0x60, 0x0, 0x0, 0xff, 0x50, 0x4f, 0xf1,
    0x0, 0x0, 0xb, 0xfa, 0x8, 0xfc, 0x0, 0x0,
    0x0, 0x6f, 0xe0, 0xdf, 0x70, 0x0, 0x0, 0x2,
    0xff, 0x4f, 0xf3, 0x0, 0x0, 0x0, 0xd, 0xfd,
    0xfe, 0x0, 0x0, 0x0, 0x0, 0x8f, 0xff, 0x90,
    0x0, 0x0, 0x0, 0x3, 0xff, 0xf5, 0x0, 0x0,
    0x0, 0x0, 0xf, 0xff, 0x0, 0x0, 0x0, 0x0,
    0x0, 0xaf, 0xb0, 0x0, 0x0,

    /* U+0057 "W" */
    0xdf, 0x70, 0xb, 0xfc, 0x0, 0x6f, 0xeb, 0xf9,
    0x0, 0xdf, 0xe0, 0x8, 0xfc, 0x9f, 0xa0, 0xf,
    0xff, 0x0, 0x9f, 0xa7, 0xfc, 0x2, 0xff, 0xf3,
    0xb, 0xf8, 0x5f, 0xe0, 0x4f, 0xff, 0x50, 0xdf,
    0x62, 0xff, 0x6, 0xfa, 0xf7, 0xe, 0xf4, 0xf,
    0xf1, 0x8f, 0x5f, 0xa0, 0xff, 0x20, 0xef, 0x3b,
    0xf1, 0xfc, 0x2f, 0xf0, 0xc, 0xf5, 0xde, 0xd,
    0xe3, 0xfe, 0x0, 0xaf, 0x7f, 0xc0, 0xbf, 0x6f,
    0xb0, 0x8, 0xfa, 0xf9, 0x8, 0xfa, 0xf9, 0x0,
    0x6f, 0xff, 0x70, 0x6f, 0xff, 0x70, 0x4, 0xff,
    0xf5, 0x4, 0xff, 0xf5, 0x0, 0x2f, 0xff, 0x20,
    0x1f, 0xff, 0x30, 0x0, 0xff, 0xf0, 0x0, 0xff,
    0xf1, 0x0, 0xe, 0xfe, 0x0, 0xd, 0xff, 0x0,
    0x0, 0xcf, 0xb0, 0x0, 0xaf, 0xd0, 0x0, 0xa,
    0xf9, 0x0, 0x8, 0xfb, 0x0,

    /* U+0058 "X" */
    0xc, 0xfb, 0x0, 0x0, 0xa, 0xfd, 0x0, 0x4f,
    0xf3, 0x0, 0x1, 0xff, 0x50, 0x0, 0xcf, 0xa0,
    0x0, 0x9f, 0xd0, 0x0, 0x3, 0xff, 0x20, 0x1f,
    0xf4, 0x0, 0x0, 0xb, 0xf9, 0x8, 0xfc, 0x0,
    0x0, 0x0, 0x3f, 0xf2, 0xef, 0x40, 0x0, 0x0,
    0x0, 0xaf, 0xdf, 0xc0, 0x0, 0x0, 0x0, 0x2,
    0xff, 0xf3, 0x0, 0x0, 0x0, 0x0, 0xc, 0xfd,
    0x0, 0x0, 0x0, 0x0, 0x2, 0xff, 0xf3, 0x0,
    0x0, 0x0, 0x0, 0xaf, 0xef, 0xb0, 0x0, 0x0,
    0x0, 0x2f, 0xf3, 0xff, 0x40, 0x0, 0x0, 0xb,
    0xfa, 0x8, 0xfc, 0x0, 0x0, 0x3, 0xff, 0x20,
    0x1f, 0xf4, 0x0, 0x0, 0xbf, 0xa0, 0x0, 0x9f,
    0xd0, 0x0, 0x4f, 0xf2, 0x0, 0x1, 0xff, 0x50,
    0xc, 0xfa, 0x0, 0x0, 0x9, 0xfd, 0x5, 0xff,
    0x30, 0x0, 0x0, 0x2f, 0xf6,

    /* U+0059 "Y" */
    0x5f, 0xf1, 0x0, 0x0, 0x0, 0xef, 0x80, 0xdf,
    0x90, 0x0, 0x0, 0x6f, 0xf1, 0x5, 0xff, 0x10,
    0x0, 0xd, 0xf8, 0x0, 0xd, 0xf8, 0x0, 0x5,
    0xff, 0x10, 0x0, 0x5f, 0xf1, 0x0, 0xdf, 0x80,
    0x0, 0x0, 0xdf, 0x70, 0x4f, 0xf1, 0x0, 0x0,
    0x5, 0xfe, 0xc, 0xf8, 0x0, 0x0, 0x0, 0xd,
    0xfb, 0xff, 0x10, 0x0, 0x0, 0x0, 0x5f, 0xff,
    0x80, 0x0, 0x0, 0x0, 0x0, 0xdf, 0xf1, 0x0,
    0x0, 0x0, 0x0, 0xa, 0xfd, 0x0, 0x0, 0x0,
    0x0, 0x0, 0xaf, 0xd0, 0x0, 0x0, 0x0, 0x0,
    0xa, 0xfd, 0x0, 0x0, 0x0, 0x0, 0x0, 0xaf,
    0xd0, 0x0, 0x0, 0x0, 0x0, 0xa, 0xfd, 0x0,
    0x0, 0x0, 0x0, 0x0, 0xaf, 0xd0, 0x0, 0x0,
    0x0, 0x0, 0xa, 0xfd, 0x0, 0x0, 0x0, 0x0,
    0x0, 0xaf, 0xd0, 0x0, 0x0,

    /* U+005A "Z" */
    0x6, 0xff, 0xff, 0xff, 0xff, 0xfe, 0x0, 0x6f,
    0xff, 0xff, 0xff, 0xff, 0xe0, 0x0, 0x11, 0x11,
    0x11, 0x1c, 0xfa, 0x0, 0x0, 0x0, 0x0, 0x6,
    0xff, 0x10, 0x0, 0x0, 0x0, 0x1, 0xef, 0x60,
    0x0, 0x0, 0x0, 0x0, 0x9f, 0xc0, 0x0, 0x0,
    0x0, 0x0, 0x3f, 0xf3, 0x0, 0x0, 0x0, 0x0,
    0xd, 0xf9, 0x0, 0x0, 0x0, 0x0, 0x7, 0xfe,
    0x0, 0x0, 0x0, 0x0, 0x1, 0xff, 0x50, 0x0,
    0x0, 0x0, 0x0, 0xbf, 0xb0, 0x0, 0x0, 0x0,
    0x0, 0x5f, 0xf2, 0x0, 0x0, 0x0, 0x0, 0xe,
    0xf7, 0x0, 0x0, 0x0, 0x0, 0x8, 0xfd, 0x0,
    0x0, 0x0, 0x0, 0x2, 0xff, 0x40, 0x0, 0x0,
    0x0, 0x0, 0xcf, 0xa1, 0x11, 0x11, 0x11, 0x10,
    0xf, 0xff, 0xff, 0xff, 0xff, 0xff, 0x30, 0xff,
    0xff, 0xff, 0xff, 0xff, 0xf3,

    /* U+005B "[" */
    0xbf, 0xff, 0xff, 0xeb, 0xfc, 0xcc, 0xcb, 0xbf,
    0x10, 0x0, 0xb, 0xf1, 0x0, 0x0, 0xbf, 0x10,
    0x0, 0xb, 0xf1, 0x0, 0x0, 0xbf, 0x10, 0x0,
    0xb, 0xf1, 0x0, 0x0, 0xbf, 0x10, 0x0, 0xb,
    0xf1, 0x0, 0x0, 0xbf, 0x10, 0x0, 0xb, 0xf1,
    0x0, 0x0, 0xbf, 0x10, 0x0, 0xb, 0xf1, 0x0,
    0x0, 0xbf, 0x10, 0x0, 0xb, 0xf1, 0x0, 0x0,
    0xbf, 0x10, 0x0, 0xb, 0xf1, 0x0, 0x0, 0xbf,
    0x10, 0x0, 0xb, 0xf1, 0x0, 0x0, 0xbf, 0x10,
    0x0, 0xb, 0xf1, 0x0, 0x0, 0xbf, 0xcc, 0xcc,
    0xbb, 0xff, 0xff, 0xfe,

    /* U+005C "\\" */
    0x48, 0x10, 0x0, 0x0, 0x0, 0x3, 0xf7, 0x0,
    0x0, 0x0, 0x0, 0xd, 0xd0, 0x0, 0x0, 0x0,
    0x0, 0x7f, 0x30, 0x0, 0x0, 0x0, 0x1, 0xfa,
    0x0, 0x0, 0x0, 0x0, 0xa, 0xf1, 0x0, 0x0,
    0x0, 0x0, 0x4f, 0x60, 0x0, 0x0, 0x0, 0x0,
    0xdd, 0x0, 0x0, 0x0, 0x0, 0x7, 0xf3, 0x0,
    0x0, 0x0, 0x0, 0x1f, 0x90, 0x0, 0x0, 0x0,
    0x0, 0xbf, 0x0, 0x0, 0x0, 0x0, 0x4, 0xf6,
    0x0, 0x0, 0x0, 0x0, 0xe, 0xc0, 0x0, 0x0,
    0x0, 0x0, 0x8f, 0x20, 0x0, 0x0, 0x0, 0x1,
    0xf9, 0x0, 0x0, 0x0, 0x0, 0xb, 0xe0, 0x0,
    0x0, 0x0, 0x0, 0x5f, 0x50, 0x0, 0x0, 0x0,
    0x0, 0xec, 0x0, 0x0, 0x0, 0x0, 0x8, 0xf2,
    0x0, 0x0, 0x0, 0x0, 0x2f, 0x80, 0x0, 0x0,
    0x0, 0x0, 0xce, 0x0, 0x0, 0x0, 0x0, 0x5,
    0xf5, 0x0, 0x0, 0x0, 0x0, 0xe, 0xb0,

    /* U+005D "]" */
    0xbf, 0xff, 0xff, 0xe8, 0xcc, 0xcc, 0xfe, 0x0,
    0x0, 0xe, 0xe0, 0x0, 0x0, 0xee, 0x0, 0x0,
    0xe, 0xe0, 0x0, 0x0, 0xee, 0x0, 0x0, 0xe,
    0xe0, 0x0, 0x0, 0xee, 0x0, 0x0, 0xe, 0xe0,
    0x0, 0x0, 0xee, 0x0, 0x0, 0xe, 0xe0, 0x0,
    0x0, 0xee, 0x0, 0x0, 0xe, 0xe0, 0x0, 0x0,
    0xee, 0x0, 0x0, 0xe, 0xe0, 0x0, 0x0, 0xee,
    0x0, 0x0, 0xe, 0xe0, 0x0, 0x0, 0xee, 0x0,
    0x0, 0xe, 0xe0, 0x0, 0x0, 0xee, 0x0, 0x0,
    0xe, 0xe0, 0x0, 0x0, 0xee, 0x8c, 0xcc, 0xcf,
    0xeb, 0xff, 0xff, 0xfe,

    /* U+005E "^" */
    0x0, 0x0, 0x78, 0x70, 0x0, 0x0, 0x0, 0x9f,
    0xff, 0xa0, 0x0, 0x0, 0x6f, 0xf7, 0xef, 0x80,
    0x0, 0x4f, 0xe3, 0x2, 0xdf, 0x50, 0x2e, 0xd1,
    0x0, 0x1, 0xcf, 0x30,

    /* U+005F "_" */
    0x11, 0x11, 0x11, 0x11, 0x11, 0x11, 0x10, 0xff,
    0xff, 0xff, 0xff, 0xff, 0xff, 0xf4, 0x44, 0x44,
    0x44, 0x44, 0x44, 0x44, 0x41,

    /* U+0060 "`" */
    0x3f, 0xfd, 0x0, 0x0, 0x4f, 0xf7, 0x0, 0x0,
    0x6f, 0xf1, 0x0, 0x0, 0x8f, 0xa0, 0x0, 0x0,
    0xaf, 0x40,

    /* U+0061 "a" */
    0x0, 0x29, 0xdf, 0xfc, 0x50, 0x0, 0x4, 0xff,
    0xff, 0xff, 0xf7, 0x0, 0xe, 0xfb, 0x20, 0x7,
    0xff, 0x0, 0x2b, 0xb1, 0x0, 0x0, 0xef, 0x30,
    0x0, 0x0, 0x0, 0x38, 0xff, 0x40, 0x0, 0x5a,
    0xdf, 0xff, 0xff, 0x40, 0x1c, 0xff, 0xb8, 0x51,
    0xdf, 0x40, 0x9f, 0xd0, 0x0, 0x0, 0xdf, 0x40,
    0xcf, 0x80, 0x0, 0x4, 0xff, 0x40, 0xcf, 0xd2,
    0x2, 0x8f, 0xff, 0x40, 0x5f, 0xff, 0xff, 0xfd,
    0xdf, 0x60, 0x4, 0xbe, 0xfd, 0x70, 0x9f, 0xc0,

    /* U+0062 "b" */
    0xbf, 0x60, 0x0, 0x0, 0x0, 0xb, 0xf6, 0x0,
    0x0, 0x0, 0x0, 0xbf, 0x60, 0x0, 0x0, 0x0,
    0xb, 0xf6, 0x0, 0x0, 0x0, 0x0, 0xbf, 0x60,
    0x0, 0x0, 0x0, 0xb, 0xf6, 0x0, 0x0, 0x0,
    0x0, 0xbf, 0x63, 0xcf, 0xeb, 0x30, 0xb, 0xfa,
    0xff, 0xff, 0xff, 0x50, 0xbf, 0xfc, 0x20, 0x2b,
    0xff, 0x2b, 0xff, 0x10, 0x0, 0xf, 0xf8, 0xbf,
    0x90, 0x0, 0x0, 0x9f, 0xcb, 0xf7, 0x0, 0x0,
    0x7, 0xfe, 0xbf, 0x60, 0x0, 0x0, 0x7f, 0xeb,
    0xf9, 0x0, 0x0, 0x9, 0xfc, 0xbf, 0xe1, 0x0,
    0x0, 0xef, 0x9b, 0xff, 0xc2, 0x2, 0xbf, 0xf2,
    0xbf, 0xbf, 0xff, 0xff, 0xf6, 0xb, 0xf6, 0x4c,
    0xff, 0xb3, 0x0,

    /* U+0063 "c" */
    0x0, 0x1, 0x9d, 0xfe, 0xb5, 0x0, 0x0, 0x4,
    0xef, 0xff, 0xff, 0xf9, 0x0, 0x2, 0xff, 0xc3,
    0x1, 0x8f, 0xf4, 0x0, 0x9f, 0xd0, 0x0, 0x0,
    0xcf, 0xa0, 0xe, 0xf7, 0x0, 0x0, 0x0, 0x10,
    0x0, 0xff, 0x40, 0x0, 0x0, 0x0, 0x0, 0xf,
    0xf4, 0x0, 0x0, 0x0, 0x0, 0x0, 0xef, 0x70,
    0x0, 0x0, 0x5e, 0xe0, 0x9, 0xfd, 0x0, 0x0,
    0x9, 0xfd, 0x0, 0x2f, 0xfc, 0x30, 0x17, 0xff,
    0x60, 0x0, 0x4f, 0xff, 0xff, 0xff, 0x90, 0x0,
    0x0, 0x19, 0xdf, 0xeb, 0x50, 0x0,

    /* U+0064 "d" */
    0x0, 0x0, 0x0, 0x0, 0x8, 0xf9, 0x0, 0x0,
    0x0, 0x0, 0x8, 0xf9, 0x0, 0x0, 0x0, 0x0,
    0x8, 0xf9, 0x0, 0x0, 0x0, 0x0, 0x8, 0xf9,
    0x0, 0x0, 0x0, 0x0, 0x8, 0xf9, 0x0, 0x0,
    0x0, 0x0, 0x8, 0xf9, 0x0, 0x4, 0xbf, 0xfb,
    0x28, 0xf9, 0x0, 0x7f, 0xff, 0xff, 0xfa, 0xf9,
    0x3, 0xff, 0xa1, 0x3, 0xdf, 0xf9, 0xa, 0xfd,
    0x0, 0x0, 0x2f, 0xf9, 0xe, 0xf7, 0x0, 0x0,
    0xb, 0xf9, 0xf, 0xf5, 0x0, 0x0, 0x9, 0xf9,
    0xf, 0xf5, 0x0, 0x0, 0x8, 0xf9, 0xe, 0xf7,
    0x0, 0x0, 0xb, 0xf9, 0xb, 0xfd, 0x0, 0x0,
    0x2f, 0xf9, 0x4, 0xff, 0x91, 0x3, 0xdf, 0xf9,
    0x0, 0x8f, 0xff, 0xff, 0xfb, 0xf9, 0x0, 0x5,
    0xcf, 0xfb, 0x38, 0xf9,

    /* U+0065 "e" */
    0x0, 0x18, 0xdf, 0xfc, 0x50, 0x0, 0x3, 0xef,
    0xfe, 0xff, 0xf9, 0x0, 0x1e, 0xf9, 0x10, 0x6,
    0xff, 0x40, 0x8f, 0xb0, 0x0, 0x0, 0xaf, 0xa0,
    0xcf, 0xff, 0xff, 0xff, 0xff, 0xd0, 0xef, 0xdc,
    0xcc, 0xcc, 0xcc, 0xa0, 0xef, 0x60, 0x0, 0x0,
    0x0, 0x0, 0xcf, 0x90, 0x0, 0x0, 0x15, 0x50,
    0x8f, 0xe1, 0x0, 0x0, 0x9f, 0xd0, 0x1e, 0xfd,
    0x40, 0x7, 0xff, 0x60, 0x3, 0xef, 0xff, 0xff,
    0xfa, 0x0, 0x0, 0x18, 0xdf, 0xfc, 0x50, 0x0,

    /* U+0066 "f" */
    0x0, 0x0, 0x5, 0xce, 0xfe, 0x90, 0x0, 0x0,
    0x8f, 0xff, 0xff, 0xf0, 0x0, 0x1, 0xff, 0x60,
    0x1, 0x60, 0x0, 0x3, 0xfe, 0x0, 0x0, 0x0,
    0x0, 0x4, 0xfd, 0x0, 0x0, 0x0, 0x0, 0x4,
    0xfd, 0x0, 0x0, 0x0, 0xdf, 0xff, 0xff, 0xff,
    0xff, 0x30, 0xac, 0xcd, 0xff, 0xcc, 0xcc, 0x20,
    0x0, 0x4, 0xfd, 0x0, 0x0, 0x0, 0x0, 0x4,
    0xfd, 0x0, 0x0, 0x0, 0x0, 0x4, 0xfd, 0x0,
    0x0, 0x0, 0x0, 0x4, 0xfd, 0x0, 0x0, 0x0,
    0x0, 0x4, 0xfd, 0x0, 0x0, 0x0, 0x0, 0x4,
    0xfd, 0x0, 0x0, 0x0, 0x0, 0x4, 0xfd, 0x0,
    0x0, 0x0, 0x0, 0x4, 0xfd, 0x0, 0x0, 0x0,
    0x0, 0x4, 0xfd, 0x0, 0x0, 0x0, 0x0, 0x4,
    0xfd, 0x0, 0x0, 0x0,

    /* U+0067 "g" */
    0x0, 0x0, 0x0, 0x0, 0x0, 0x0, 0x0, 0x2a,
    0xef, 0xd5, 0x3b, 0xf8, 0x2, 0xef, 0xfe, 0xff,
    0xfd, 0xd8, 0xb, 0xfa, 0x0, 0x4f, 0xf1, 0x0,
    0xf, 0xf3, 0x0, 0xc, 0xf6, 0x0, 0xf, 0xf3,
    0x0, 0xc, 0xf6, 0x0, 0xa, 0xfa, 0x0, 0x4f,
    0xf2, 0x0, 0x1, 0xff, 0xfe, 0xff, 0x80, 0x0,
    0xb, 0xea, 0xef, 0xd6, 0x0, 0x0, 0x5f, 0x80,
    0x0, 0x0, 0x0, 0x0, 0x5f, 0xd3, 0x0, 0x0,
    0x0, 0x0, 0xc, 0xff, 0xff, 0xfe, 0xb6, 0x0,
    0x8, 0xfd, 0xef, 0xff, 0xff, 0xa0, 0x9f, 0x50,
    0x0, 0x1, 0x5f, 0xf1, 0xef, 0x20, 0x0, 0x0,
    0x2f, 0xf0, 0x8f, 0xfb, 0x98, 0x8a, 0xff, 0x70,
    0x5, 0xad, 0xff, 0xed, 0x93, 0x0,

    /* U+0068 "h" */
    0x8f, 0x90, 0x0, 0x0, 0x0, 0x8, 0xf9, 0x0,
    0x0, 0x0, 0x0, 0x8f, 0x90, 0x0, 0x0, 0x0,
    0x8, 0xf9, 0x0, 0x0, 0x0, 0x0, 0x8f, 0x90,
    0x0, 0x0, 0x0, 0x8, 0xf9, 0x0, 0x0, 0x0,
    0x0, 0x8f, 0x90, 0x5c, 0xff, 0xc4, 0x8, 0xf9,
    0x8f, 0xec, 0xff, 0xf2, 0x8f, 0xef, 0x80, 0x2,
    0xef, 0x98, 0xff, 0x80, 0x0, 0x7, 0xfc, 0x8f,
    0xf0, 0x0, 0x0, 0x4f, 0xd8, 0xfb, 0x0, 0x0,
    0x4, 0xfd, 0x8f, 0x90, 0x0, 0x0, 0x4f, 0xd8,
    0xf9, 0x0, 0x0, 0x4, 0xfd, 0x8f, 0x90, 0x0,
    0x0, 0x4f, 0xd8, 0xf9, 0x0, 0x0, 0x4, 0xfd,
    0x8f, 0x90, 0x0, 0x0, 0x4f, 0xd8, 0xf9, 0x0,
    0x0, 0x4, 0xfd,

    /* U+0069 "i" */
    0x2, 0x0, 0xaf, 0xc0, 0xcf, 0xf0, 0x3a, 0x50,
    0x0, 0x0, 0x0, 0x0, 0x0, 0x0, 0x8f, 0x90,
    0x8f, 0x90, 0x8f, 0x90, 0x8f, 0x90, 0x8f, 0x90,
    0x8f, 0x90, 0x8f, 0x90, 0x8f, 0x90, 0x8f, 0x90,
    0x8f, 0x90, 0x8f, 0x90, 0x8f, 0x90,

    /* U+006A "j" */
    0x0, 0x0, 0x0, 0x20, 0x0, 0x0, 0x0, 0x8f,
    0xd0, 0x0, 0x0, 0xb, 0xff, 0x10, 0x0, 0x0,
    0x2a, 0x60, 0x0, 0x0, 0x0, 0x0, 0x0, 0x0,
    0x0, 0x0, 0x0, 0x0, 0x0, 0x0, 0x0, 0x0,
    0x0, 0x0, 0x6f, 0xb0, 0x0, 0x0, 0x6, 0xfb,
    0x0, 0x0, 0x0, 0x6f, 0xb0, 0x0, 0x0, 0x6,
    0xfb, 0x0, 0x0, 0x0, 0x6f, 0xb0, 0x0, 0x0,
    0x6, 0xfb, 0x0, 0x0, 0x0, 0x6f, 0xb0, 0x0,
    0x0, 0x6, 0xfb, 0x0, 0x0, 0x0, 0x6f, 0xb0,
    0x0, 0x0, 0x6, 0xfb, 0x0, 0x0, 0x0, 0x6f,
    0xb0, 0x0, 0x0, 0x6, 0xfb, 0x0, 0x0, 0x0,
    0x7f, 0xa0, 0x54, 0x0, 0x2d, 0xf6, 0x9, 0xff,
    0xff, 0xfd, 0x0, 0x5c, 0xff, 0xe9, 0x10, 0x0,

    /* U+006B "k" */
    0x6f, 0xb0, 0x0, 0x0, 0x0, 0x0, 0x6f, 0xb0,
    0x0, 0x0, 0x0, 0x0, 0x6f, 0xb0, 0x0, 0x0,
    0x0, 0x0, 0x6f, 0xb0, 0x0, 0x0, 0x0, 0x0,
    0x6f, 0xb0, 0x0, 0x0, 0x0, 0x0, 0x6f, 0xb0,
    0x0, 0x0, 0x0, 0x0, 0x6f, 0xb0, 0x0, 0x8,
    0xfe, 0x20, 0x6f, 0xb0, 0x0, 0x8f, 0xe2, 0x0,
    0x6f, 0xb0, 0x7, 0xfe, 0x20, 0x0, 0x6f, 0xb0,
    0x7f, 0xe2, 0x0, 0x0, 0x6f, 0xb7, 0xff, 0xb0,
    0x0, 0x0, 0x6f, 0xef, 0xed, 0xf5, 0x0, 0x0,
    0x6f, 0xfe, 0x24, 0xfe, 0x0, 0x0, 0x6f, 0xe2,
    0x0, 0xbf, 0x90, 0x0, 0x6f, 0xb0, 0x0, 0x2f,
    0xf3, 0x0, 0x6f, 0xb0, 0x0, 0x8, 0xfc, 0x0,
    0x6f, 0xb0, 0x0, 0x0, 0xef, 0x60, 0x6f, 0xb0,
    0x0, 0x0, 0x5f, 0xf1,

    /* U+006C "l" */
    0x6f, 0xb6, 0xfb, 0x6f, 0xb6, 0xfb, 0x6f, 0xb6,
    0xfb, 0x6f, 0xb6, 0xfb, 0x6f, 0xb6, 0xfb, 0x6f,
    0xb6, 0xfb, 0x6f, 0xb6, 0xfb, 0x6f, 0xb6, 0xfb,
    0x6f, 0xb6, 0xfb,

    /* U+006D "m" */
    0x9f, 0x84, 0xdf, 0xa0, 0x4d, 0xfb, 0x19, 0xfc,
    0xff, 0xff, 0xaf, 0xff, 0xfa, 0x9f, 0xf9, 0x2b,
    0xff, 0xb2, 0x9f, 0xd9, 0xfd, 0x0, 0x7f, 0xf0,
    0x4, 0xfe, 0x9f, 0x90, 0x6, 0xfc, 0x0, 0x3f,
    0xe9, 0xf8, 0x0, 0x6f, 0xb0, 0x3, 0xfe, 0x9f,
    0x80, 0x6, 0xfb, 0x0, 0x3f, 0xe9, 0xf8, 0x0,
    0x6f, 0xb0, 0x3, 0xfe, 0x9f, 0x80, 0x6, 0xfb,
    0x0, 0x3f, 0xe9, 0xf8, 0x0, 0x6f, 0xb0, 0x3,
    0xfe, 0x9f, 0x80, 0x6, 0xfb, 0x0, 0x3f, 0xe9,
    0xf8, 0x0, 0x6f, 0xb0, 0x3, 0xfe,

    /* U+006E "n" */
    0x8f, 0x90, 0x5c, 0xff, 0xc4, 0x8, 0xf9, 0x8f,
    0xec, 0xff, 0xf2, 0x8f, 0xef, 0x80, 0x2, 0xef,
    0x98, 0xff, 0x80, 0x0, 0x7, 0xfc, 0x8f, 0xf0,
    0x0, 0x0, 0x4f, 0xd8, 0xfb, 0x0, 0x0, 0x4,
    0xfd, 0x8f, 0x90, 0x0, 0x0, 0x4f, 0xd8, 0xf9,
    0x0, 0x0, 0x4, 0xfd, 0x8f, 0x90, 0x0, 0x0,
    0x4f, 0xd8, 0xf9, 0x0, 0x0, 0x4, 0xfd, 0x8f,
    0x90, 0x0, 0x0, 0x4f, 0xd8, 0xf9, 0x0, 0x0,
    0x4, 0xfd,

    /* U+006F "o" */
    0x0, 0x1, 0x8d, 0xfe, 0xa3, 0x0, 0x0, 0x3,
    0xef, 0xff, 0xff, 0xf7, 0x0, 0x1, 0xef, 0xc3,
    0x1, 0xaf, 0xf5, 0x0, 0x9f, 0xd0, 0x0, 0x0,
    0xaf, 0xd0, 0xd, 0xf7, 0x0, 0x0, 0x3, 0xff,
    0x20, 0xff, 0x40, 0x0, 0x0, 0xf, 0xf4, 0xf,
    0xf4, 0x0, 0x0, 0x0, 0xff, 0x40, 0xdf, 0x70,
    0x0, 0x0, 0x3f, 0xf2, 0x9, 0xfd, 0x0, 0x0,
    0xa, 0xfd, 0x0, 0x1e, 0xfd, 0x30, 0x2a, 0xff,
    0x50, 0x0, 0x3e, 0xff, 0xff, 0xff, 0x70, 0x0,
    0x0, 0x19, 0xdf, 0xea, 0x30, 0x0,

    /* U+0070 "p" */
    0xbf, 0x64, 0xcf, 0xfb, 0x30, 0xb, 0xfb, 0xff,
    0xff, 0xff, 0x60, 0xbf, 0xfc, 0x20, 0x2b, 0xff,
    0x2b, 0xfe, 0x10, 0x0, 0xe, 0xf9, 0xbf, 0x90,
    0x0, 0x0, 0x9f, 0xcb, 0xf6, 0x0, 0x0, 0x7,
    0xfe, 0xbf, 0x70, 0x0, 0x0, 0x7f, 0xeb, 0xf9,
    0x0, 0x0, 0x9, 0xfc, 0xbf, 0xf1, 0x0, 0x0,
    0xff, 0x8b, 0xff, 0xc2, 0x2, 0xbf, 0xf2, 0xbf,
    0xaf, 0xff, 0xff, 0xf5, 0xb, 0xf6, 0x3c, 0xff,
    0xb3, 0x0, 0xbf, 0x60, 0x0, 0x0, 0x0, 0xb,
    0xf6, 0x0, 0x0, 0x0, 0x0, 0xbf, 0x60, 0x0,
    0x0, 0x0, 0xb, 0xf6, 0x0, 0x0, 0x0, 0x0,

    /* U+0071 "q" */
    0x0, 0x4, 0xcf, 0xfb, 0x38, 0xf9, 0x0, 0x8f,
    0xff, 0xff, 0xfb, 0xf9, 0x4, 0xff, 0x91, 0x3,
    0xdf, 0xf9, 0xb, 0xfd, 0x0, 0x0, 0x2f, 0xf9,
    0xe, 0xf7, 0x0, 0x0, 0xb, 0xf9, 0xf, 0xf5,
    0x0, 0x0, 0x8, 0xf9, 0xf, 0xf5, 0x0, 0x0,
    0x9, 0xf9, 0xe, 0xf7, 0x0, 0x0, 0xb, 0xf9,
    0xa, 0xfd, 0x0, 0x0, 0x2f, 0xf9, 0x3, 0xff,
    0xa1, 0x3, 0xdf, 0xf9, 0x0, 0x7f, 0xff, 0xff,
    0xfa, 0xf9, 0x0, 0x4, 0xcf, 0xfb, 0x28, 0xf9,
    0x0, 0x0, 0x0, 0x0, 0x8, 0xf9, 0x0, 0x0,
    0x0, 0x0, 0x8, 0xf9, 0x0, 0x0, 0x0, 0x0,
    0x8, 0xf9, 0x0, 0x0, 0x0, 0x0, 0x8, 0xf9,

    /* U+0072 "r" */
    0x4f, 0xd0, 0x5, 0xbe, 0x84, 0xfd, 0xb, 0xff,
    0xf8, 0x4f, 0xda, 0xf9, 0x31, 0x14, 0xff, 0xf5,
    0x0, 0x0, 0x4f, 0xf9, 0x0, 0x0, 0x4, 0xff,
    0x10, 0x0, 0x0, 0x4f, 0xd0, 0x0, 0x0, 0x4,
    0xfd, 0x0, 0x0, 0x0, 0x4f, 0xd0, 0x0, 0x0,
    0x4, 0xfd, 0x0, 0x0, 0x0, 0x4f, 0xd0, 0x0,
    0x0, 0x4, 0xfd, 0x0, 0x0, 0x0,

    /* U+0073 "s" */
    0x0, 0x3a, 0xef, 0xec, 0x50, 0x0, 0x4f, 0xff,
    0xee, 0xff, 0x90, 0xd, 0xfa, 0x0, 0x4, 0xff,
    0x10, 0xff, 0x40, 0x0, 0x6, 0x71, 0xb, 0xfb,
    0x20, 0x0, 0x0, 0x0, 0x2d, 0xff, 0xfc, 0x83,
    0x0, 0x0, 0x4, 0x8b, 0xef, 0xfa, 0x0, 0x0,
    0x0, 0x0, 0x4f, 0xf5, 0x3e, 0xc0, 0x0, 0x0,
    0xaf, 0x91, 0xff, 0x70, 0x0, 0x3e, 0xf7, 0x7,
    0xff, 0xfe, 0xef, 0xfd, 0x10, 0x4, 0xae, 0xff,
    0xc7, 0x0,

    /* U+0074 "t" */
    0x0, 0x0, 0x58, 0x30, 0x0, 0x0, 0x0, 0x0,
    0xaf, 0x70, 0x0, 0x0, 0x0, 0x0, 0xaf, 0x70,
    0x0, 0x0, 0x0, 0x0, 0xaf, 0x70, 0x0, 0x0,
    0x0, 0x0, 0xaf, 0x70, 0x0, 0x0, 0x4f, 0xff,
    0xff, 0xff, 0xff, 0xc0, 0x3c, 0xcc, 0xef, 0xdc,
    0xcc, 0x90, 0x0, 0x0, 0xaf, 0x70, 0x0, 0x0,
    0x0, 0x0, 0xaf, 0x70, 0x0, 0x0, 0x0, 0x0,
    0xaf, 0x70, 0x0, 0x0, 0x0, 0x0, 0xaf, 0x70,
    0x0, 0x0, 0x0, 0x0, 0xaf, 0x70, 0x0, 0x0,
    0x0, 0x0, 0xaf, 0x70, 0x0, 0x0, 0x0, 0x0,
    0xaf, 0x80, 0x0, 0x0, 0x0, 0x0, 0x6f, 0xd2,
    0x0, 0x45, 0x0, 0x0, 0xd, 0xff, 0xff, 0xf9,
    0x0, 0x0, 0x1, 0x9e, 0xff, 0xc5,

    /* U+0075 "u" */
    0x8f, 0x90, 0x0, 0x0, 0x4f, 0xd8, 0xf9, 0x0,
    0x0, 0x4, 0xfd, 0x8f, 0x90, 0x0, 0x0, 0x4f,
    0xd8, 0xf9, 0x0, 0x0, 0x4, 0xfd, 0x8f, 0x90,
    0x0, 0x0, 0x4f, 0xd8, 0xf9, 0x0, 0x0, 0x5,
    0xfd, 0x8f, 0x90, 0x0, 0x0, 0x6f, 0xd8, 0xf9,
    0x0, 0x0, 0xb, 0xfd, 0x7f, 0xc0, 0x0, 0x4,
    0xff, 0xd4, 0xff, 0x40, 0x4, 0xfe, 0xfd, 0xd,
    0xff, 0xdd, 0xfc, 0x5f, 0xd0, 0x1a, 0xef, 0xd8,
    0x4, 0xfd,

    /* U+0076 "v" */
    0xd, 0xf5, 0x0, 0x0, 0x4, 0xfe, 0x0, 0x7f,
    0xb0, 0x0, 0x0, 0x9f, 0x90, 0x2, 0xff, 0x10,
    0x0, 0xf, 0xf3, 0x0, 0xc, 0xf6, 0x0, 0x5,
    0xfd, 0x0, 0x0, 0x6f, 0xc0, 0x0, 0xbf, 0x70,
    0x0, 0x0, 0xff, 0x20, 0x1f, 0xf1, 0x0, 0x0,
    0xa, 0xf8, 0x7, 0xfb, 0x0, 0x0, 0x0, 0x4f,
    0xd0, 0xcf, 0x50, 0x0, 0x0, 0x0, 0xef, 0x6f,
    0xf0, 0x0, 0x0, 0x0, 0x8, 0xff, 0xf9, 0x0,
    0x0, 0x0, 0x0, 0x2f, 0xff, 0x40, 0x0, 0x0,
    0x0, 0x0, 0xcf, 0xe0, 0x0, 0x0,

    /* U+0077 "w" */
    0xcf, 0x60, 0xb, 0xfc, 0x0, 0x5f, 0xd9, 0xf9,
    0x0, 0xef, 0xf0, 0x8, 0xfa, 0x5f, 0xc0, 0x1f,
    0xff, 0x20, 0xaf, 0x61, 0xfe, 0x4, 0xf9, 0xf5,
    0xd, 0xf3, 0xe, 0xf1, 0x7f, 0x3f, 0x80, 0xff,
    0x0, 0xaf, 0x4a, 0xf0, 0xeb, 0x3f, 0xc0, 0x7,
    0xf7, 0xdc, 0xb, 0xe6, 0xf8, 0x0, 0x3f, 0xbf,
    0x90, 0x8f, 0xbf, 0x50, 0x0, 0xff, 0xf6, 0x5,
    0xff, 0xf1, 0x0, 0xc, 0xff, 0x30, 0x2f, 0xfe,
    0x0, 0x0, 0x9f, 0xf0, 0x0, 0xff, 0xa0, 0x0,
    0x5, 0xfd, 0x0, 0xc, 0xf7, 0x0,

    /* U+0078 "x" */
    0x6, 0xff, 0x20, 0x0, 0x1e, 0xf7, 0x0, 0xb,
    0xfb, 0x0, 0xa, 0xfc, 0x0, 0x0, 0x1e, 0xf5,
    0x3, 0xff, 0x20, 0x0, 0x0, 0x5f, 0xe1, 0xdf,
    0x60, 0x0, 0x0, 0x0, 0xaf, 0xdf, 0xb0, 0x0,
    0x0, 0x0, 0x1, 0xef, 0xf2, 0x0, 0x0, 0x0,
    0x0, 0x2f, 0xff, 0x30, 0x0, 0x0, 0x0, 0xd,
    0xfc, 0xfe, 0x10, 0x0, 0x0, 0x9, 0xfc, 0xb,
    0xfa, 0x0, 0x0, 0x4, 0xff, 0x20, 0x1f, 0xf5,
    0x0, 0x1, 0xef, 0x70, 0x0, 0x6f, 0xf1, 0x0,
    0xbf, 0xc0, 0x0, 0x0, 0xbf, 0xc0,

    /* U+0079 "y" */
    0xf, 0xf5, 0x0, 0x0, 0x4, 0xff, 0x10, 0x9f,
    0xb0, 0x0, 0x0, 0x9f, 0xa0, 0x3, 0xff, 0x10,
    0x0, 0xe, 0xf4, 0x0, 0xd, 0xf6, 0x0, 0x4,
    0xfe, 0x0, 0x0, 0x7f, 0xc0, 0x0, 0xaf, 0x80,
    0x0, 0x1, 0xff, 0x20, 0xf, 0xf2, 0x0, 0x0,
    0xb, 0xf7, 0x5, 0xfc, 0x0, 0x0, 0x0, 0x5f,
    0xd0, 0xbf, 0x60, 0x0, 0x0, 0x0, 0xff, 0x4f,
    0xf1, 0x0, 0x0, 0x0, 0x9, 0xfe, 0xfb, 0x0,
    0x0, 0x0, 0x0, 0x3f, 0xff, 0x50, 0x0, 0x0,
    0x0, 0x0, 0xdf, 0xe0, 0x0, 0x0, 0x0, 0x0,
    0x9, 0xf9, 0x0, 0x0, 0x0, 0x4, 0x13, 0xef,
    0x20, 0x0, 0x0, 0x0, 0xef, 0xff, 0xb0, 0x0,
    0x0, 0x0, 0xb, 0xfe, 0x90, 0x0, 0x0, 0x0,

    /* U+007A "z" */
    0x1f, 0xff, 0xff, 0xff, 0xff, 0x31, 0xcc, 0xcc,
    0xcc, 0xdf, 0xf2, 0x0, 0x0, 0x0, 0x1e, 0xf8,
    0x0, 0x0, 0x0, 0xc, 0xfb, 0x0, 0x0, 0x0,
    0xa, 0xfd, 0x0, 0x0, 0x0, 0x8, 0xfe, 0x10,
    0x0, 0x0, 0x5, 0xff, 0x30, 0x0, 0x0, 0x3,
    0xff, 0x50, 0x0, 0x0, 0x2, 0xef, 0x70, 0x0,
    0x0, 0x0, 0xdf, 0xa0, 0x0, 0x0, 0x0, 0x7f,
    0xfc, 0xcc, 0xcc, 0xcc, 0x88, 0xff, 0xff, 0xff,
    0xff, 0xfb,

    /* U+007B "{" */
    0x0, 0x0, 0x10, 0x0, 0xaf, 0xf9, 0x5, 0xfd,
    0x42, 0x8, 0xf8, 0x0, 0x9, 0xf8, 0x0, 0x9,
    0xf8, 0x0, 0x9, 0xf8, 0x0, 0x9, 0xf8, 0x0,
    0x9, 0xf8, 0x0, 0x9, 0xf8, 0x0, 0x9, 0xf7,
    0x0, 0xa, 0xf6, 0x0, 0x9f, 0xf2, 0x0, 0xff,
    0xc0, 0x0, 0x1d, 0xf4, 0x0, 0x9, 0xf7, 0x0,
    0x9, 0xf7, 0x0, 0x9, 0xf8, 0x0, 0x9, 0xf8,
    0x0, 0x9, 0xf8, 0x0, 0x9, 0xf8, 0x0, 0x9,
    0xf8, 0x0, 0x9, 0xf8, 0x0, 0x7, 0xfc, 0x10,
    0x1, 0xdf, 0xf9, 0x0, 0x2, 0x42,

    /* U+007C "|" */
    0x6f, 0xb6, 0xfb, 0x6f, 0xb6, 0xfb, 0x6f, 0xb6,
    0xfb, 0x6f, 0xb6, 0xfb, 0x6f, 0xb6, 0xfb, 0x6f,
    0xb6, 0xfb, 0x6f, 0xb6, 0xfb, 0x6f, 0xb6, 0xfb,
    0x6f, 0xb6, 0xfb, 0x6f, 0xb6, 0xfb, 0x6f, 0xb6,
    0xfb, 0x6f, 0xb6, 0xfb, 0x6f, 0xb6, 0xfb, 0x6f,
    0xb6, 0xfb,

    /* U+007D "}" */
    0x1, 0x0, 0x0, 0x6, 0xff, 0xb1, 0x0, 0x14,
    0xbf, 0x80, 0x0, 0x5, 0xfb, 0x0, 0x0, 0x5f,
    0xc0, 0x0, 0x5, 0xfc, 0x0, 0x0, 0x5f, 0xc0,
    0x0, 0x5, 0xfc, 0x0, 0x0, 0x5f, 0xc0, 0x0,
    0x5, 0xfc, 0x0, 0x0, 0x4f, 0xc0, 0x0, 0x3,
    0xfe, 0x0, 0x0, 0xd, 0xfb, 0x10, 0x0, 0x9f,
    0xf2, 0x0, 0x1f, 0xf3, 0x0, 0x4, 0xfc, 0x0,
    0x0, 0x4f, 0xc0, 0x0, 0x5, 0xfc, 0x0, 0x0,
    0x5f, 0xc0, 0x0, 0x5, 0xfc, 0x0, 0x0, 0x5f,
    0xc0, 0x0, 0x5, 0xfc, 0x0, 0x0, 0x5f, 0xc0,
    0x0, 0x1a, 0xfa, 0x0, 0x6f, 0xfe, 0x20, 0x1,
    0x43, 0x0, 0x0,

    /* U+007E "~" */
    0x0, 0xaf, 0xb2, 0x0, 0x0, 0x60, 0x8, 0xff,
    0xff, 0x40, 0x7, 0xf1, 0x1f, 0xc5, 0x9f, 0xfa,
    0x8f, 0xb0, 0x5f, 0x10, 0x5, 0xff, 0xff, 0x20,
    0x4, 0x0, 0x0, 0x3d, 0xd4, 0x0,

    /* U+52A9 "助" */
    0x0, 0x0, 0x0, 0x0, 0x0, 0x0, 0x0, 0x0,
    0x4, 0x40, 0x0, 0x0, 0x0, 0x0, 0x0, 0x0,
    0x0, 0x0, 0x0, 0x0, 0x0, 0x6f, 0xd1, 0x0,
    0x0, 0x0, 0x0, 0x0, 0x0, 0x0, 0x0, 0x0,
    0x0, 0x2, 0xfe, 0x0, 0x0, 0x0, 0x0, 0x0,
    0x0, 0x1, 0xae, 0xa1, 0x0, 0x0, 0x2f, 0x90,
    0x0, 0x0, 0x0, 0x0, 0x56, 0x5a, 0xdc, 0xff,
    0x50, 0x0, 0x3, 0xf6, 0x0, 0x0, 0x0, 0x0,
    0x5, 0xf8, 0x10, 0xf, 0xf0, 0x0, 0x0, 0x5f,
    0x30, 0x0, 0x0, 0x0, 0x0, 0x2f, 0x30, 0x0,
    0xfb, 0x0, 0x0, 0x7, 0xf1, 0x2a, 0xb4, 0x0,
    0x0, 0x0, 0xf3, 0x12, 0xe, 0x80, 0x0, 0x13,
    0xbf, 0xce, 0xff, 0xf5, 0x0, 0x0, 0xf, 0xde,
    0x80, 0xe7, 0x7, 0xff, 0xdf, 0xc2, 0x4, 0xfe,
    0x0, 0x0, 0x0, 0xe3, 0x0, 0xe, 0x60, 0x3,
    0x11, 0xf6, 0x0, 0x2f, 0x90, 0x0, 0x0, 0xe,
    0x30, 0x0, 0xe5, 0x0, 0x0, 0x5f, 0x10, 0x3,
    0xf6, 0x0, 0x0, 0x0, 0xe9, 0xbd, 0xe, 0x40,
    0x0, 0xa, 0xc0, 0x0, 0x5f, 0x40, 0x0, 0x0,
    0xd, 0x85, 0x0, 0xe4, 0x0, 0x0, 0xf6, 0x0,
    0x6, 0xf2, 0x0, 0x0, 0x0, 0xd3, 0x0, 0xe,
    0x40, 0x11, 0x6f, 0x0, 0x0, 0x8f, 0x0, 0x0,
    0x0, 0xd, 0x30, 0x0, 0xfb, 0xc7, 0xd, 0x90,
    0x0, 0xb, 0xe0, 0x0, 0x0, 0x0, 0xd3, 0x39,
    0xfc, 0x50, 0x4, 0xf1, 0x0, 0x0, 0xdb, 0x0,
    0x0, 0x0, 0x3e, 0xef, 0x92, 0x0, 0x0, 0xd8,
    0x0, 0x0, 0x1f, 0x80, 0x0, 0x5a, 0xef, 0xe7,
    0x10, 0x0, 0x0, 0x6d, 0x0, 0x0, 0x8, 0xf5,
    0x0, 0x2, 0xef, 0x60, 0x0, 0x0, 0x0, 0x1e,
    0x30, 0x6, 0x54, 0xff, 0x0, 0x0, 0x0, 0x10,
    0x0, 0x0, 0x0, 0xb, 0x50, 0x0, 0x1e, 0xff,
    0x80, 0x0, 0x0, 0x0, 0x0, 0x0, 0x0, 0x7,
    0x50, 0x0, 0x0, 0x7f, 0xd0, 0x0, 0x0, 0x0,
    0x0, 0x0, 0x0, 0x0, 0x20, 0x0, 0x0, 0x1,
    0x81, 0x0, 0x0, 0x0, 0x0, 0x0, 0x0, 0x0,
    0x0, 0x0, 0x0, 0x0, 0x0, 0x0, 0x0, 0x0,

    /* U+5E2E "帮" */
    0x0, 0x0, 0x0, 0x3, 0x0, 0x0, 0x0, 0x0,
    0x0, 0x0, 0x0, 0x0, 0x0, 0x0, 0x0, 0xaf,
    0x40, 0x0, 0x0, 0x0, 0x0, 0x0, 0x0, 0x0,
    0x0, 0x0, 0x5, 0xf4, 0x0, 0x0, 0x0, 0x0,
    0x6c, 0xb2, 0x0, 0x0, 0x0, 0x0, 0x3f, 0x69,
    0xc3, 0x4d, 0xac, 0xdc, 0xff, 0x70, 0x0, 0x14,
    0x68, 0xad, 0xfc, 0x83, 0x0, 0xe7, 0x10, 0x3f,
    0x50, 0x0, 0x1, 0x8a, 0x85, 0x4f, 0x10, 0x0,
    0xd, 0x40, 0xb, 0x60, 0x0, 0x0, 0x0, 0x0,
    0x3, 0xf9, 0xc5, 0x0, 0xd4, 0x4, 0x90, 0x0,
    0x0, 0x0, 0x7, 0xac, 0xff, 0x84, 0x0, 0xd,
    0x40, 0x2a, 0x10, 0x0, 0x0, 0x0, 0x3, 0x26,
    0xe0, 0x2, 0x0, 0xe3, 0x0, 0x3d, 0x20, 0x0,
    0x0, 0x0, 0x1, 0x9f, 0xbb, 0x81, 0xf, 0x30,
    0x0, 0x8d, 0x0, 0x26, 0x79, 0xcd, 0xbf, 0xc0,
    0x0, 0x1, 0xf2, 0x1, 0x3, 0xf5, 0x0, 0x9c,
    0x73, 0x3, 0xf5, 0x0, 0x0, 0x3f, 0x10, 0x9e,
    0xef, 0x60, 0x0, 0x0, 0x0, 0xcb, 0x0, 0x20,
    0x1, 0xf0, 0x0, 0x6f, 0xf2, 0x0, 0x0, 0x1,
    0xcc, 0x10, 0x8, 0xf3, 0x4, 0x0, 0x0, 0x76,
    0x0, 0x0, 0x3, 0xd9, 0x0, 0x0, 0x4f, 0x55,
    0x8c, 0xfa, 0x20, 0x0, 0x0, 0x29, 0xb3, 0x5d,
    0xba, 0xab, 0xf9, 0x65, 0x5e, 0xf7, 0x0, 0x0,
    0x4, 0x10, 0x0, 0xf3, 0x0, 0x4f, 0x20, 0x0,
    0xaf, 0x20, 0x0, 0x0, 0x0, 0x0, 0xf, 0x40,
    0x4, 0xf2, 0x0, 0x9, 0xf0, 0x0, 0x0, 0x0,
    0x0, 0x0, 0xd4, 0x0, 0x4f, 0x10, 0x0, 0xae,
    0x0, 0x0, 0x0, 0x0, 0x0, 0xc, 0x40, 0x4,
    0xf1, 0x4a, 0x8e, 0xc0, 0x0, 0x0, 0x0, 0x0,
    0x0, 0xa2, 0x0, 0x5f, 0x10, 0x5f, 0xf7, 0x0,
    0x0, 0x0, 0x0, 0x0, 0x1, 0x0, 0x5, 0xf0,
    0x0, 0x6b, 0x0, 0x0, 0x0, 0x0, 0x0, 0x0,
    0x0, 0x0, 0x5f, 0x0, 0x0, 0x0, 0x0, 0x0,
    0x0, 0x0, 0x0, 0x0, 0x0, 0x5, 0xd0, 0x0,
    0x0, 0x0, 0x0, 0x0, 0x0, 0x0, 0x0, 0x0,
    0x0, 0x4b, 0x0, 0x0, 0x0, 0x0, 0x0, 0x0,
    0x0, 0x0, 0x0, 0x0, 0x1, 0x40, 0x0, 0x0,
    0x0, 0x0, 0x0,

    /* U+F001 "" */
    0x0, 0x0, 0x0, 0x0, 0x0, 0x0, 0x0, 0x0,
    0x0, 0x0, 0x0, 0x15, 0xac, 0x40, 0x0, 0x0,
    0x0, 0x0, 0x0, 0x0, 0x0, 0x0, 0x0, 0x27,
    0xcf, 0xff, 0xfe, 0x0, 0x0, 0x0, 0x0, 0x0,
    0x0, 0x0, 0x0, 0x49, 0xef, 0xff, 0xff, 0xff,
    0xf0, 0x0, 0x0, 0x0, 0x0, 0x0, 0x2, 0x6b,
    0xff, 0xff, 0xff, 0xff, 0xff, 0xff, 0x0, 0x0,
    0x0, 0x0, 0x3, 0x8d, 0xff, 0xff, 0xff, 0xff,
    0xff, 0xff, 0xff, 0xf0, 0x0, 0x0, 0x0, 0x8f,
    0xff, 0xff, 0xff, 0xff, 0xff, 0xff, 0xff, 0xff,
    0xff, 0x0, 0x0, 0x0, 0x3f, 0xff, 0xff, 0xff,
    0xff, 0xff, 0xff, 0xff, 0xff, 0xff, 0xf0, 0x0,
    0x0, 0x4, 0xff, 0xff, 0xff, 0xff, 0xff, 0xff,
    0xff, 0xfd, 0xbf, 0xff, 0x0, 0x0, 0x0, 0x4f,
    0xff, 0xff, 0xff, 0xff, 0xff, 0xfb, 0x61, 0x6,
    0xff, 0xf0, 0x0, 0x0, 0x4, 0xff, 0xff, 0xff,
    0xff, 0xd9, 0x40, 0x0, 0x0, 0x6f, 0xff, 0x0,
    0x0, 0x0, 0x4f, 0xff, 0xff, 0xb7, 0x20, 0x0,
    0x0, 0x0, 0x6, 0xff, 0xf0, 0x0, 0x0, 0x4,
    0xff, 0xf6, 0x0, 0x0, 0x0, 0x0, 0x0, 0x0,
    0x6f, 0xff, 0x0, 0x0, 0x0, 0x4f, 0xff, 0x20,
    0x0, 0x0, 0x0, 0x0, 0x0, 0x6, 0xff, 0xf0,
    0x0, 0x0, 0x4, 0xff, 0xf2, 0x0, 0x0, 0x0,
    0x0, 0x0, 0x0, 0x6f, 0xff, 0x0, 0x0, 0x0,
    0x4f, 0xff, 0x20, 0x0, 0x0, 0x0, 0x0, 0x0,
    0x6, 0xff, 0xf0, 0x0, 0x0, 0x4, 0xff, 0xf2,
    0x0, 0x0, 0x0, 0x0, 0x0, 0x0, 0x6f, 0xff,
    0x0, 0x0, 0x0, 0x4f, 0xff, 0x20, 0x0, 0x0,
    0x0, 0x0, 0x0, 0x6, 0xff, 0xf0, 0x0, 0x0,
    0x4, 0xff, 0xf2, 0x0, 0x0, 0x0, 0x1, 0x8c,
    0xee, 0xef, 0xff, 0x0, 0x0, 0x0, 0x4f, 0xff,
    0x20, 0x0, 0x0, 0x4, 0xff, 0xff, 0xff, 0xff,
    0xf0, 0x0, 0x0, 0x4, 0xff, 0xf2, 0x0, 0x0,
    0x0, 0xef, 0xff, 0xff, 0xff, 0xff, 0x0, 0x16,
    0x88, 0x9f, 0xff, 0x20, 0x0, 0x0, 0x1f, 0xff,
    0xff, 0xff, 0xff, 0xf0, 0x9f, 0xff, 0xff, 0xff,
    0xf2, 0x0, 0x0, 0x0, 0xdf, 0xff, 0xff, 0xff,
    0xfb, 0x9f, 0xff, 0xff, 0xff, 0xff, 0x20, 0x0,
    0x0, 0x2, 0xdf, 0xff, 0xff, 0xfc, 0x1f, 0xff,
    0xff, 0xff, 0xff, 0xf1, 0x0, 0x0, 0x0, 0x0,
    0x59, 0xbb, 0x94, 0x0, 0xdf, 0xff, 0xff, 0xff,
    0xff, 0x0, 0x0, 0x0, 0x0, 0x0, 0x0, 0x0,
    0x0, 0x4, 0xff, 0xff, 0xff, 0xff, 0x60, 0x0,
    0x0, 0x0, 0x0, 0x0, 0x0, 0x0, 0x0, 0x2,
    0xaf, 0xff, 0xfb, 0x30, 0x0, 0x0, 0x0, 0x0,
    0x0, 0x0, 0x0, 0x0, 0x0, 0x0, 0x1, 0x10,
    0x0, 0x0, 0x0, 0x0, 0x0, 0x0, 0x0, 0x0,
    0x0, 0x0,

    /* U+F008 "" */
    0x2, 0x0, 0x3, 0x44, 0x44, 0x44, 0x44, 0x44,
    0x44, 0x44, 0x43, 0x0, 0x2, 0xd, 0xb0, 0x0,
    0xff, 0xff, 0xff, 0xff, 0xff, 0xff, 0xff, 0xff,
    0xf0, 0x0, 0xbd, 0xff, 0x99, 0xaf, 0xff, 0xff,
    0xff, 0xff, 0xff, 0xff, 0xff, 0xff, 0xa9, 0x9f,
    0xff, 0xff, 0xff, 0xff, 0xc4, 0x44, 0x44, 0x44,
    0x44, 0x44, 0xcf, 0xff, 0xff, 0xff, 0xfc, 0x22,
    0x3f, 0xf9, 0x0, 0x0, 0x0, 0x0, 0x0, 0x9,
    0xff, 0x32, 0x2c, 0xff, 0xb0, 0x0, 0xff, 0x90,
    0x0, 0x0, 0x0, 0x0, 0x0, 0x9f, 0xf0, 0x0,
    0xbf, 0xfb, 0x0, 0xf, 0xf9, 0x0, 0x0, 0x0,
    0x0, 0x0, 0x9, 0xff, 0x0, 0xb, 0xff, 0xe8,
    0x89, 0xff, 0x90, 0x0, 0x0, 0x0, 0x0, 0x0,
    0x9f, 0xf9, 0x88, 0xef, 0xff, 0xff, 0xff, 0xf9,
    0x0, 0x0, 0x0, 0x0, 0x0, 0x9, 0xff, 0xff,
    0xff, 0xff, 0xd3, 0x34, 0xff, 0xd6, 0x66, 0x66,
    0x66, 0x66, 0x66, 0xdf, 0xf4, 0x33, 0xdf, 0xfb,
    0x0, 0xf, 0xff, 0xff, 0xff, 0xff, 0xff, 0xff,
    0xff, 0xff, 0x0, 0xb, 0xff, 0xb0, 0x0, 0xff,
    0xff, 0xff, 0xff, 0xff, 0xff, 0xff, 0xff, 0xf0,
    0x0, 0xbf, 0xfe, 0x77, 0x8f, 0xfb, 0x22, 0x22,
    0x22, 0x22, 0x22, 0x2b, 0xff, 0x87, 0x7e, 0xff,
    0xff, 0xff, 0xff, 0x90, 0x0, 0x0, 0x0, 0x0,
    0x0, 0x9f, 0xff, 0xff, 0xff, 0xfd, 0x44, 0x5f,
    0xf9, 0x0, 0x0, 0x0, 0x0, 0x0, 0x9, 0xff,
    0x54, 0x4d, 0xff, 0xb0, 0x0, 0xff, 0x90, 0x0,
    0x0, 0x0, 0x0, 0x0, 0x9f, 0xf0, 0x0, 0xbf,
    0xfb, 0x0, 0xf, 0xf9, 0x0, 0x0, 0x0, 0x0,
    0x0, 0x9, 0xff, 0x0, 0xb, 0xff, 0xe6, 0x67,
    0xff, 0x90, 0x0, 0x0, 0x0, 0x0, 0x0, 0x9f,
    0xf7, 0x66, 0xef, 0xff, 0xff, 0xff, 0xfe, 0x88,
    0x88, 0x88, 0x88, 0x88, 0x8e, 0xff, 0xff, 0xff,
    0xff, 0xd5, 0x56, 0xff, 0xff, 0xff, 0xff, 0xff,
    0xff, 0xff, 0xff, 0xf6, 0x55, 0xdf, 0xaa, 0x0,
    0xf, 0xff, 0xff, 0xff, 0xff, 0xff, 0xff, 0xff,
    0xff, 0x0, 0xa, 0xa0,

    /* U+F00B "" */
    0x9f, 0xff, 0xff, 0xe7, 0x2, 0xdf, 0xff, 0xff,
    0xff, 0xff, 0xff, 0xff, 0xff, 0x9f, 0xff, 0xff,
    0xff, 0xd0, 0x7f, 0xff, 0xff, 0xff, 0xff, 0xff,
    0xff, 0xff, 0xff, 0xff, 0xff, 0xff, 0xfd, 0x7,
    0xff, 0xff, 0xff, 0xff, 0xff, 0xff, 0xff, 0xff,
    0xff, 0xff, 0xff, 0xff, 0xd0, 0x7f, 0xff, 0xff,
    0xff, 0xff, 0xff, 0xff, 0xff, 0xff, 0xff, 0xff,
    0xff, 0xfd, 0x7, 0xff, 0xff, 0xff, 0xff, 0xff,
    0xff, 0xff, 0xff, 0xff, 0xff, 0xff, 0xff, 0xd0,
    0x6f, 0xff, 0xff, 0xff, 0xff, 0xff, 0xff, 0xff,
    0xff, 0x7c, 0xcc, 0xcc, 0xc5, 0x1, 0xbc, 0xcc,
    0xcc, 0xcc, 0xcc, 0xcc, 0xcc, 0xcc, 0x70, 0x0,
    0x0, 0x0, 0x0, 0x0, 0x0, 0x0, 0x0, 0x0,
    0x0, 0x0, 0x0, 0x0, 0x5b, 0xbb, 0xbb, 0xa4,
    0x1, 0x9b, 0xbb, 0xbb, 0xbb, 0xbb, 0xbb, 0xbb,
    0xbb, 0x5f, 0xff, 0xff, 0xff, 0xd0, 0x6f, 0xff,
    0xff, 0xff, 0xff, 0xff, 0xff, 0xff, 0xff, 0xff,
    0xff, 0xff, 0xfd, 0x7, 0xff, 0xff, 0xff, 0xff,
    0xff, 0xff, 0xff, 0xff, 0xff, 0xff, 0xff, 0xff,
    0xd0, 0x7f, 0xff, 0xff, 0xff, 0xff, 0xff, 0xff,
    0xff, 0xff, 0xff, 0xff, 0xff, 0xfd, 0x7, 0xff,
    0xff, 0xff, 0xff, 0xff, 0xff, 0xff, 0xff, 0xff,
    0xff, 0xff, 0xff, 0xd0, 0x7f, 0xff, 0xff, 0xff,
    0xff, 0xff, 0xff, 0xff, 0xff, 0xbf, 0xff, 0xff,
    0xf8, 0x3, 0xff, 0xff, 0xff, 0xff, 0xff, 0xff,
    0xff, 0xff, 0xb0, 0x0, 0x0, 0x0, 0x0, 0x0,
    0x0, 0x0, 0x0, 0x0, 0x0, 0x0, 0x0, 0x0,
    0x0, 0x0, 0x0, 0x0, 0x0, 0x0, 0x0, 0x0,
    0x0, 0x0, 0x0, 0x0, 0x0, 0xb, 0xff, 0xff,
    0xff, 0x80, 0x3f, 0xff, 0xff, 0xff, 0xff, 0xff,
    0xff, 0xff, 0xfa, 0xff, 0xff, 0xff, 0xfd, 0x7,
    0xff, 0xff, 0xff, 0xff, 0xff, 0xff, 0xff, 0xff,
    0xff, 0xff, 0xff, 0xff, 0xd0, 0x7f, 0xff, 0xff,
    0xff, 0xff, 0xff, 0xff, 0xff, 0xff, 0xff, 0xff,
    0xff, 0xfd, 0x7, 0xff, 0xff, 0xff, 0xff, 0xff,
    0xff, 0xff, 0xff, 0xff, 0xff, 0xff, 0xff, 0xd0,
    0x7f, 0xff, 0xff, 0xff, 0xff, 0xff, 0xff, 0xff,
    0xff, 0xff, 0xff, 0xff, 0xfd, 0x6, 0xff, 0xff,
    0xff, 0xff, 0xff, 0xff, 0xff, 0xff, 0xf6, 0xbb,
    0xbb, 0xbb, 0x40, 0x19, 0xbb, 0xbb, 0xbb, 0xbb,
    0xbb, 0xbb, 0xbb, 0xb5,

    /* U+F00C "" */
    0x0, 0x0, 0x0, 0x0, 0x0, 0x0, 0x0, 0x0,
    0x0, 0x0, 0x0, 0x2, 0x0, 0x0, 0x0, 0x0,
    0x0, 0x0, 0x0, 0x0, 0x0, 0x0, 0x0, 0x0,
    0x7, 0xfd, 0x10, 0x0, 0x0, 0x0, 0x0, 0x0,
    0x0, 0x0, 0x0, 0x0, 0x0, 0x8, 0xff, 0xfd,
    0x10, 0x0, 0x0, 0x0, 0x0, 0x0, 0x0, 0x0,
    0x0, 0x0, 0x8, 0xff, 0xff, 0xfd, 0x0, 0x0,
    0x0, 0x0, 0x0, 0x0, 0x0, 0x0, 0x0, 0x8,
    0xff, 0xff, 0xff, 0xe0, 0x0, 0x0, 0x0, 0x0,
    0x0, 0x0, 0x0, 0x0, 0x8, 0xff, 0xff, 0xff,
    0xe3, 0x0, 0x0, 0x0, 0x0, 0x0, 0x0, 0x0,
    0x0, 0x8, 0xff, 0xff, 0xff, 0xe3, 0x0, 0x2,
    0x50, 0x0, 0x0, 0x0, 0x0, 0x0, 0x8, 0xff,
    0xff, 0xff, 0xe3, 0x0, 0x4, 0xff, 0xb0, 0x0,
    0x0, 0x0, 0x0, 0x8, 0xff, 0xff, 0xff, 0xe3,
    0x0, 0x4, 0xff, 0xff, 0xb0, 0x0, 0x0, 0x0,
    0x8, 0xff, 0xff, 0xff, 0xe3, 0x0, 0x0, 0xef,
    0xff, 0xff, 0xb0, 0x0, 0x0, 0x8, 0xff, 0xff,
    0xff, 0xe3, 0x0, 0x0, 0xc, 0xff, 0xff, 0xff,
    0xb0, 0x0, 0x8, 0xff, 0xff, 0xff, 0xe3, 0x0,
    0x0, 0x0, 0x1d, 0xff, 0xff, 0xff, 0xb0, 0x8,
    0xff, 0xff, 0xff, 0xe3, 0x0, 0x0, 0x0, 0x0,
    0x1c, 0xff, 0xff, 0xff, 0xb8, 0xff, 0xff, 0xff,
    0xe3, 0x0, 0x0, 0x0, 0x0, 0x0, 0x1c, 0xff,
    0xff, 0xff, 0xff, 0xff, 0xff, 0xe3, 0x0, 0x0,
    0x0, 0x0, 0x0, 0x0, 0x1c, 0xff, 0xff, 0xff,
    0xff, 0xff, 0xe3, 0x0, 0x0, 0x0, 0x0, 0x0,
    0x0, 0x0, 0x1c, 0xff, 0xff, 0xff, 0xff, 0xe3,
    0x0, 0x0, 0x0, 0x0, 0x0, 0x0, 0x0, 0x0,
    0x1c, 0xff, 0xff, 0xff, 0xe3, 0x0, 0x0, 0x0,
    0x0, 0x0, 0x0, 0x0, 0x0, 0x0, 0x1c, 0xff,
    0xff, 0xe3, 0x0, 0x0, 0x0, 0x0, 0x0, 0x0,
    0x0, 0x0, 0x0, 0x0, 0x1c, 0xff, 0xe2, 0x0,
    0x0, 0x0, 0x0, 0x0, 0x0, 0x0, 0x0, 0x0,
    0x0, 0x0, 0x1b, 0xd2, 0x0, 0x0, 0x0, 0x0,
    0x0, 0x0, 0x0, 0x0,

    /* U+F00D "" */
    0x0, 0x53, 0x0, 0x0, 0x0, 0x0, 0x0, 0x5,
    0x30, 0x0, 0xcf, 0xf7, 0x0, 0x0, 0x0, 0x0,
    0x1d, 0xff, 0x60, 0xbf, 0xff, 0xf7, 0x0, 0x0,
    0x0, 0x1d, 0xff, 0xff, 0x4f, 0xff, 0xff, 0xf7,
    0x0, 0x0, 0x1d, 0xff, 0xff, 0xf8, 0x8f, 0xff,
    0xff, 0xf7, 0x0, 0x1d, 0xff, 0xff, 0xff, 0x20,
    0x9f, 0xff, 0xff, 0xf7, 0x1d, 0xff, 0xff, 0xff,
    0x30, 0x0, 0x9f, 0xff, 0xff, 0xfe, 0xff, 0xff,
    0xff, 0x30, 0x0, 0x0, 0x9f, 0xff, 0xff, 0xff,
    0xff, 0xff, 0x30, 0x0, 0x0, 0x0, 0x9f, 0xff,
    0xff, 0xff, 0xff, 0x30, 0x0, 0x0, 0x0, 0x0,
    0x9f, 0xff, 0xff, 0xff, 0x30, 0x0, 0x0, 0x0,
    0x0, 0x1d, 0xff, 0xff, 0xff, 0xf7, 0x0, 0x0,
    0x0, 0x0, 0x1d, 0xff, 0xff, 0xff, 0xff, 0xf7,
    0x0, 0x0, 0x0, 0x1d, 0xff, 0xff, 0xff, 0xff,
    0xff, 0xf7, 0x0, 0x0, 0x1d, 0xff, 0xff, 0xff,
    0xaf, 0xff, 0xff, 0xf7, 0x0, 0x1d, 0xff, 0xff,
    0xff, 0x30, 0x9f, 0xff, 0xff, 0xf7, 0xb, 0xff,
    0xff, 0xff, 0x30, 0x0, 0x9f, 0xff, 0xff, 0xf4,
    0xff, 0xff, 0xff, 0x30, 0x0, 0x0, 0x9f, 0xff,
    0xff, 0x87, 0xff, 0xff, 0x30, 0x0, 0x0, 0x0,
    0x9f, 0xff, 0xe2, 0x8, 0xfe, 0x30, 0x0, 0x0,
    0x0, 0x0, 0x9f, 0xe2, 0x0, 0x1, 0x0, 0x0,
    0x0, 0x0, 0x0, 0x0, 0x10, 0x0,

    /* U+F011 "" */
    0x0, 0x0, 0x0, 0x0, 0x0, 0x0, 0xbd, 0xd6,
    0x0, 0x0, 0x0, 0x0, 0x0, 0x0, 0x0, 0x0,
    0x0, 0x0, 0x0, 0x4, 0xff, 0xfe, 0x0, 0x0,
    0x0, 0x0, 0x0, 0x0, 0x0, 0x0, 0x0, 0x0,
    0x0, 0x4, 0xff, 0xfe, 0x0, 0x0, 0x0, 0x0,
    0x0, 0x0, 0x0, 0x0, 0x5, 0xea, 0x0, 0x4,
    0xff, 0xfe, 0x0, 0x2, 0xec, 0x20, 0x0, 0x0,
    0x0, 0x0, 0x7f, 0xff, 0x50, 0x4, 0xff, 0xfe,
    0x0, 0xb, 0xff, 0xe2, 0x0, 0x0, 0x0, 0x5,
    0xff, 0xff, 0xc0, 0x4, 0xff, 0xfe, 0x0, 0x2f,
    0xff, 0xfe, 0x10, 0x0, 0x0, 0x2f, 0xff, 0xff,
    0x80, 0x4, 0xff, 0xfe, 0x0, 0xd, 0xff, 0xff,
    0xc0, 0x0, 0x0, 0xcf, 0xff, 0xf8, 0x0, 0x4,
    0xff, 0xfe, 0x0, 0x1, 0xdf, 0xff, 0xf6, 0x0,
    0x3, 0xff, 0xff, 0x90, 0x0, 0x4, 0xff, 0xfe,
    0x0, 0x0, 0x1e, 0xff, 0xfd, 0x0, 0xa, 0xff,
    0xfe, 0x0, 0x0, 0x4, 0xff, 0xfe, 0x0, 0x0,
    0x5, 0xff, 0xff, 0x40, 0xf, 0xff, 0xf7, 0x0,
    0x0, 0x4, 0xff, 0xfe, 0x0, 0x0, 0x0, 0xdf,
    0xff, 0x90, 0x3f, 0xff, 0xf1, 0x0, 0x0, 0x4,
    0xff, 0xfe, 0x0, 0x0, 0x0, 0x8f, 0xff, 0xd0,
    0x5f, 0xff, 0xe0, 0x0, 0x0, 0x4, 0xff, 0xfe,
    0x0, 0x0, 0x0, 0x4f, 0xff, 0xf0, 0x6f, 0xff,
    0xc0, 0x0, 0x0, 0x4, 0xff, 0xfe, 0x0, 0x0,
    0x0, 0x2f, 0xff, 0xf0, 0x6f, 0xff, 0xd0, 0x0,
    0x0, 0x2, 0xff, 0xfc, 0x0, 0x0, 0x0, 0x3f,
    0xff, 0xf0, 0x5f, 0xff, 0xe0, 0x0, 0x0, 0x0,
    0x35, 0x51, 0x0, 0x0, 0x0, 0x5f, 0xff, 0xe0,
    0x2f, 0xff, 0xf3, 0x0, 0x0, 0x0, 0x0, 0x0,
    0x0, 0x0, 0x0, 0x9f, 0xff, 0xc0, 0xe, 0xff,
    0xf9, 0x0, 0x0, 0x0, 0x0, 0x0, 0x0, 0x0,
    0x0, 0xef, 0xff, 0x80, 0x9, 0xff, 0xff, 0x20,
    0x0, 0x0, 0x0, 0x0, 0x0, 0x0, 0x7, 0xff,
    0xff, 0x30, 0x2, 0xff, 0xff, 0xd0, 0x0, 0x0,
    0x0, 0x0, 0x0, 0x0, 0x4f, 0xff, 0xfc, 0x0,
    0x0, 0xaf, 0xff, 0xfc, 0x10, 0x0, 0x0, 0x0,
    0x0, 0x4, 0xff, 0xff, 0xf3, 0x0, 0x0, 0x1e,
    0xff, 0xff, 0xe5, 0x0, 0x0, 0x0, 0x1, 0x9f,
    0xff, 0xff, 0x90, 0x0, 0x0, 0x3, 0xff, 0xff,
    0xff, 0xd9, 0x64, 0x56, 0xaf, 0xff, 0xff, 0xfb,
    0x0, 0x0, 0x0, 0x0, 0x3e, 0xff, 0xff, 0xff,
    0xff, 0xff, 0xff, 0xff, 0xff, 0xb0, 0x0, 0x0,
    0x0, 0x0, 0x2, 0xcf, 0xff, 0xff, 0xff, 0xff,
    0xff, 0xff, 0xf8, 0x0, 0x0, 0x0, 0x0, 0x0,
    0x0, 0x6, 0xdf, 0xff, 0xff, 0xff, 0xff, 0xfb,
    0x20, 0x0, 0x0, 0x0, 0x0, 0x0, 0x0, 0x0,
    0x3, 0x8b, 0xee, 0xec, 0xa6, 0x10, 0x0, 0x0,
    0x0, 0x0,

    /* U+F013 "" */
    0x0, 0x0, 0x0, 0x0, 0x0, 0x0, 0x23, 0x20,
    0x0, 0x0, 0x0, 0x0, 0x0, 0x0, 0x0, 0x0,
    0x0, 0x0, 0xb, 0xff, 0xff, 0xfa, 0x0, 0x0,
    0x0, 0x0, 0x0, 0x0, 0x0, 0x0, 0x0, 0x0,
    0xef, 0xff, 0xff, 0xd0, 0x0, 0x0, 0x0, 0x0,
    0x0, 0x0, 0x0, 0x0, 0x0, 0xe, 0xff, 0xff,
    0xfd, 0x0, 0x0, 0x0, 0x0, 0x0, 0x0, 0x0,
    0x10, 0x0, 0x6, 0xff, 0xff, 0xff, 0xe5, 0x0,
    0x0, 0x20, 0x0, 0x0, 0x0, 0x8f, 0x91, 0x4e,
    0xff, 0xff, 0xff, 0xff, 0xfd, 0x32, 0xaf, 0x70,
    0x0, 0x0, 0x5f, 0xff, 0xff, 0xff, 0xff, 0xff,
    0xff, 0xff, 0xff, 0xff, 0xff, 0x30, 0x0, 0xe,
    0xff, 0xff, 0xff, 0xff, 0xff, 0xff, 0xff, 0xff,
    0xff, 0xff, 0xfd, 0x0, 0x7, 0xff, 0xff, 0xff,
    0xff, 0xff, 0xff, 0xff, 0xff, 0xff, 0xff, 0xff,
    0xf5, 0x0, 0xdf, 0xff, 0xff, 0xff, 0xff, 0xfc,
    0xac, 0xff, 0xff, 0xff, 0xff, 0xff, 0xc0, 0xd,
    0xff, 0xff, 0xff, 0xff, 0xd2, 0x0, 0x3, 0xef,
    0xff, 0xff, 0xff, 0xfb, 0x0, 0x7, 0xff, 0xff,
    0xff, 0xe1, 0x0, 0x0, 0x2, 0xff, 0xff, 0xff,
    0xe6, 0x0, 0x0, 0x8, 0xff, 0xff, 0xf7, 0x0,
    0x0, 0x0, 0x9, 0xff, 0xff, 0xf7, 0x0, 0x0,
    0x0, 0xaf, 0xff, 0xff, 0x40, 0x0, 0x0, 0x0,
    0x5f, 0xff, 0xff, 0x80, 0x0, 0x0, 0x9, 0xff,
    0xff, 0xf4, 0x0, 0x0, 0x0, 0x6, 0xff, 0xff,
    0xf8, 0x0, 0x0, 0x0, 0x9f, 0xff, 0xff, 0x90,
    0x0, 0x0, 0x0, 0xaf, 0xff, 0xff, 0x80, 0x0,
    0x2, 0xbf, 0xff, 0xff, 0xff, 0x30, 0x0, 0x0,
    0x4f, 0xff, 0xff, 0xff, 0xa1, 0x0, 0xff, 0xff,
    0xff, 0xff, 0xff, 0x60, 0x1, 0x7f, 0xff, 0xff,
    0xff, 0xff, 0xe0, 0xc, 0xff, 0xff, 0xff, 0xff,
    0xff, 0xfe, 0xff, 0xff, 0xff, 0xff, 0xff, 0xfa,
    0x0, 0x5f, 0xff, 0xff, 0xff, 0xff, 0xff, 0xff,
    0xff, 0xff, 0xff, 0xff, 0xff, 0x40, 0x0, 0xcf,
    0xff, 0xff, 0xff, 0xff, 0xff, 0xff, 0xff, 0xff,
    0xff, 0xff, 0xb0, 0x0, 0x2, 0xff, 0xfc, 0xef,
    0xff, 0xff, 0xff, 0xff, 0xff, 0xed, 0xff, 0xe1,
    0x0, 0x0, 0x5, 0xd6, 0x1, 0xaf, 0xff, 0xff,
    0xff, 0xff, 0xa1, 0x6, 0xd4, 0x0, 0x0, 0x0,
    0x0, 0x0, 0x0, 0x2f, 0xff, 0xff, 0xfe, 0x20,
    0x0, 0x0, 0x0, 0x0, 0x0, 0x0, 0x0, 0x0,
    0x0, 0xef, 0xff, 0xff, 0xd0, 0x0, 0x0, 0x0,
    0x0, 0x0, 0x0, 0x0, 0x0, 0x0, 0xe, 0xff,
    0xff, 0xfd, 0x0, 0x0, 0x0, 0x0, 0x0, 0x0,
    0x0, 0x0, 0x0, 0x0, 0x8c, 0xef, 0xec, 0x70,
    0x0, 0x0, 0x0, 0x0, 0x0, 0x0, 0x0, 0x0,
    0x0, 0x0, 0x0, 0x0, 0x0, 0x0, 0x0, 0x0,
    0x0, 0x0,

    /* U+F015 "" */
    0x0, 0x0, 0x0, 0x0, 0x0, 0x0, 0x4, 0xde,
    0x80, 0x0, 0x5, 0xff, 0xf9, 0x0, 0x0, 0x0,
    0x0, 0x0, 0x0, 0x0, 0x0, 0x8, 0xff, 0xff,
    0xb1, 0x0, 0x7f, 0xff, 0xb0, 0x0, 0x0, 0x0,
    0x0, 0x0, 0x0, 0x0, 0xa, 0xff, 0xff, 0xff,
    0xd2, 0x7, 0xff, 0xfb, 0x0, 0x0, 0x0, 0x0,
    0x0, 0x0, 0x0, 0x2d, 0xff, 0xff, 0xff, 0xff,
    0xf4, 0x7f, 0xff, 0xb0, 0x0, 0x0, 0x0, 0x0,
    0x0, 0x0, 0x3e, 0xff, 0xfe, 0x31, 0xbf, 0xff,
    0xfd, 0xff, 0xfb, 0x0, 0x0, 0x0, 0x0, 0x0,
    0x0, 0x6f, 0xff, 0xfd, 0x20, 0x0, 0x9f, 0xff,
    0xff, 0xff, 0xb0, 0x0, 0x0, 0x0, 0x0, 0x0,
    0x9f, 0xff, 0xfb, 0x0, 0x9d, 0x20, 0x6f, 0xff,
    0xff, 0xfb, 0x0, 0x0, 0x0, 0x0, 0x1, 0xbf,
    0xff, 0xf8, 0x1, 0xcf, 0xff, 0x40, 0x3e, 0xff,
    0xff, 0xb0, 0x0, 0x0, 0x0, 0x2, 0xdf, 0xff,
    0xf5, 0x2, 0xef, 0xff, 0xff, 0x70, 0x2d, 0xff,
    0xff, 0x50, 0x0, 0x0, 0x4, 0xff, 0xff, 0xe3,
    0x5, 0xff, 0xff, 0xff, 0xff, 0x90, 0xa, 0xff,
    0xff, 0x80, 0x0, 0x7, 0xff, 0xff, 0xc1, 0x7,
    0xff, 0xff, 0xff, 0xff, 0xff, 0xc1, 0x8, 0xff,
    0xff, 0xb1, 0x9, 0xff, 0xff, 0xa0, 0xa, 0xff,
    0xff, 0xff, 0xff, 0xff, 0xff, 0xe2, 0x5, 0xff,
    0xff, 0xd1, 0xcf, 0xff, 0x70, 0x1c, 0xff, 0xff,
    0xff, 0xff, 0xff, 0xff, 0xff, 0xf5, 0x3, 0xef,
    0xff, 0x21, 0xef, 0x40, 0x3e, 0xff, 0xff, 0xff,
    0xff, 0xff, 0xff, 0xff, 0xff, 0xf7, 0x1, 0xcf,
    0x60, 0x2, 0x20, 0xe, 0xff, 0xff, 0xff, 0xff,
    0xff, 0xff, 0xff, 0xff, 0xff, 0xf4, 0x0, 0x40,
    0x0, 0x0, 0x0, 0xff, 0xff, 0xff, 0xff, 0xff,
    0xff, 0xff, 0xff, 0xff, 0xff, 0x50, 0x0, 0x0,
    0x0, 0x0, 0xf, 0xff, 0xff, 0xff, 0xff, 0xee,
    0xef, 0xff, 0xff, 0xff, 0xf5, 0x0, 0x0, 0x0,
    0x0, 0x0, 0xff, 0xff, 0xff, 0xfc, 0x0, 0x0,
    0x6f, 0xff, 0xff, 0xff, 0x50, 0x0, 0x0, 0x0,
    0x0, 0xf, 0xff, 0xff, 0xff, 0xa0, 0x0, 0x4,
    0xff, 0xff, 0xff, 0xf5, 0x0, 0x0, 0x0, 0x0,
    0x0, 0xff, 0xff, 0xff, 0xfa, 0x0, 0x0, 0x4f,
    0xff, 0xff, 0xff, 0x50, 0x0, 0x0, 0x0, 0x0,
    0xf, 0xff, 0xff, 0xff, 0xa0, 0x0, 0x4, 0xff,
    0xff, 0xff, 0xf5, 0x0, 0x0, 0x0, 0x0, 0x0,
    0xff, 0xff, 0xff, 0xfa, 0x0, 0x0, 0x4f, 0xff,
    0xff, 0xff, 0x50, 0x0, 0x0, 0x0, 0x0, 0xe,
    0xff, 0xff, 0xff, 0xa0, 0x0, 0x4, 0xff, 0xff,
    0xff, 0xf4, 0x0, 0x0, 0x0, 0x0, 0x0, 0x7a,
    0xaa, 0xaa, 0xa4, 0x0, 0x0, 0xa, 0xaa, 0xaa,
    0xa9, 0x10, 0x0, 0x0,

    /* U+F019 "" */
    0x0, 0x0, 0x0, 0x0, 0x0, 0x39, 0x99, 0x99,
    0x30, 0x0, 0x0, 0x0, 0x0, 0x0, 0x0, 0x0,
    0x0, 0x0, 0xd, 0xff, 0xff, 0xfd, 0x0, 0x0,
    0x0, 0x0, 0x0, 0x0, 0x0, 0x0, 0x0, 0x0,
    0xef, 0xff, 0xff, 0xe0, 0x0, 0x0, 0x0, 0x0,
    0x0, 0x0, 0x0, 0x0, 0x0, 0xe, 0xff, 0xff,
    0xfe, 0x0, 0x0, 0x0, 0x0, 0x0, 0x0, 0x0,
    0x0, 0x0, 0x0, 0xef, 0xff, 0xff, 0xe0, 0x0,
    0x0, 0x0, 0x0, 0x0, 0x0, 0x0, 0x0, 0x0,
    0xe, 0xff, 0xff, 0xfe, 0x0, 0x0, 0x0, 0x0,
    0x0, 0x0, 0x0, 0x0, 0x0, 0x0, 0xef, 0xff,
    0xff, 0xe0, 0x0, 0x0, 0x0, 0x0, 0x0, 0x0,
    0x0, 0x0, 0x0, 0xe, 0xff, 0xff, 0xfe, 0x0,
    0x0, 0x0, 0x0, 0x0, 0x0, 0x0, 0x0, 0x0,
    0x0, 0xef, 0xff, 0xff, 0xe0, 0x0, 0x0, 0x0,
    0x0, 0x0, 0x0, 0x0, 0x0, 0x0, 0xe, 0xff,
    0xff, 0xfe, 0x0, 0x0, 0x0, 0x0, 0x0, 0x0,
    0x0, 0x17, 0x77, 0x77, 0xef, 0xff, 0xff, 0xe7,
    0x77, 0x77, 0x10, 0x0, 0x0, 0x0, 0x7, 0xff,
    0xff, 0xff, 0xff, 0xff, 0xff, 0xff, 0xff, 0xf7,
    0x0, 0x0, 0x0, 0x0, 0x2e, 0xff, 0xff, 0xff,
    0xff, 0xff, 0xff, 0xff, 0xfe, 0x20, 0x0, 0x0,
    0x0, 0x0, 0x2e, 0xff, 0xff, 0xff, 0xff, 0xff,
    0xff, 0xfe, 0x20, 0x0, 0x0, 0x0, 0x0, 0x0,
    0x2e, 0xff, 0xff, 0xff, 0xff, 0xff, 0xfe, 0x20,
    0x0, 0x0, 0x0, 0x0, 0x0, 0x0, 0x2e, 0xff,
    0xff, 0xff, 0xff, 0xfe, 0x20, 0x0, 0x0, 0x0,
    0x0, 0x0, 0x0, 0x0, 0x2e, 0xff, 0xff, 0xff,
    0xfe, 0x20, 0x0, 0x0, 0x0, 0x0, 0x0, 0x0,
    0x0, 0x0, 0x2e, 0xff, 0xff, 0xfe, 0x20, 0x0,
    0x0, 0x0, 0x0, 0x0, 0x0, 0x0, 0x0, 0x0,
    0x2e, 0xff, 0xfe, 0x20, 0x0, 0x0, 0x0, 0x0,
    0xb, 0xff, 0xff, 0xff, 0xff, 0x90, 0x2e, 0xfe,
    0x20, 0x9f, 0xff, 0xff, 0xff, 0xfa, 0xff, 0xff,
    0xff, 0xff, 0xff, 0x90, 0x29, 0x20, 0x9f, 0xff,
    0xff, 0xff, 0xff, 0xff, 0xff, 0xff, 0xff, 0xff,
    0xff, 0x90, 0x0, 0x9f, 0xff, 0xff, 0xff, 0xff,
    0xff, 0xff, 0xff, 0xff, 0xff, 0xff, 0xff, 0xeb,
    0xef, 0xff, 0xff, 0xff, 0xff, 0xff, 0xff, 0xff,
    0xff, 0xff, 0xff, 0xff, 0xff, 0xff, 0xff, 0xff,
    0xdf, 0xfe, 0xff, 0xff, 0xff, 0xff, 0xff, 0xff,
    0xff, 0xff, 0xff, 0xff, 0xff, 0x70, 0xad, 0x4,
    0xff, 0xff, 0xff, 0xff, 0xff, 0xff, 0xff, 0xff,
    0xff, 0xff, 0xfa, 0x2c, 0xe3, 0x7f, 0xff, 0xef,
    0xff, 0xff, 0xff, 0xff, 0xff, 0xff, 0xff, 0xff,
    0xff, 0xff, 0xff, 0xff, 0xe2, 0x56, 0x66, 0x66,
    0x66, 0x66, 0x66, 0x66, 0x66, 0x66, 0x66, 0x66,
    0x66, 0x52,

    /* U+F01C "" */
    0x0, 0x0, 0x0, 0x1, 0x34, 0x44, 0x44, 0x44,
    0x44, 0x44, 0x44, 0x30, 0x0, 0x0, 0x0, 0x0,
    0x0, 0x0, 0x9, 0xff, 0xff, 0xff, 0xff, 0xff,
    0xff, 0xff, 0xff, 0xd1, 0x0, 0x0, 0x0, 0x0,
    0x0, 0x6, 0xff, 0xff, 0xff, 0xff, 0xff, 0xff,
    0xff, 0xff, 0xff, 0xc0, 0x0, 0x0, 0x0, 0x0,
    0x2, 0xff, 0xff, 0xff, 0xff, 0xff, 0xff, 0xff,
    0xff, 0xff, 0xff, 0x70, 0x0, 0x0, 0x0, 0x0,
    0xbf, 0xff, 0x52, 0x22, 0x22, 0x22, 0x22, 0x22,
    0x22, 0xef, 0xff, 0x20, 0x0, 0x0, 0x0, 0x6f,
    0xff, 0xa0, 0x0, 0x0, 0x0, 0x0, 0x0, 0x0,
    0x4, 0xff, 0xfc, 0x0, 0x0, 0x0, 0x2f, 0xff,
    0xe1, 0x0, 0x0, 0x0, 0x0, 0x0, 0x0, 0x0,
    0x9, 0xff, 0xf7, 0x0, 0x0, 0xb, 0xff, 0xf4,
    0x0, 0x0, 0x0, 0x0, 0x0, 0x0, 0x0, 0x0,
    0xe, 0xff, 0xf2, 0x0, 0x6, 0xff, 0xfa, 0x0,
    0x0, 0x0, 0x0, 0x0, 0x0, 0x0, 0x0, 0x0,
    0x4f, 0xff, 0xc0, 0x2, 0xff, 0xfe, 0x10, 0x0,
    0x0, 0x0, 0x0, 0x0, 0x0, 0x0, 0x0, 0x0,
    0x9f, 0xff, 0x70, 0xbf, 0xff, 0x62, 0x22, 0x22,
    0x10, 0x0, 0x0, 0x0, 0x0, 0x22, 0x22, 0x22,
    0xef, 0xff, 0x1f, 0xff, 0xff, 0xff, 0xff, 0xfd,
    0x0, 0x0, 0x0, 0x0, 0x7f, 0xff, 0xff, 0xff,
    0xff, 0xf5, 0xff, 0xff, 0xff, 0xff, 0xff, 0xf5,
    0x0, 0x0, 0x0, 0xe, 0xff, 0xff, 0xff, 0xff,
    0xff, 0x6f, 0xff, 0xff, 0xff, 0xff, 0xff, 0xd0,
    0x0, 0x0, 0x7, 0xff, 0xff, 0xff, 0xff, 0xff,
    0xf6, 0xff, 0xff, 0xff, 0xff, 0xff, 0xff, 0xcc,
    0xcc, 0xcc, 0xff, 0xff, 0xff, 0xff, 0xff, 0xff,
    0x6f, 0xff, 0xff, 0xff, 0xff, 0xff, 0xff, 0xff,
    0xff, 0xff, 0xff, 0xff, 0xff, 0xff, 0xff, 0xf6,
    0xff, 0xff, 0xff, 0xff, 0xff, 0xff, 0xff, 0xff,
    0xff, 0xff, 0xff, 0xff, 0xff, 0xff, 0xff, 0x6f,
    0xff, 0xff, 0xff, 0xff, 0xff, 0xff, 0xff, 0xff,
    0xff, 0xff, 0xff, 0xff, 0xff, 0xff, 0xf6, 0xff,
    0xff, 0xff, 0xff, 0xff, 0xff, 0xff, 0xff, 0xff,
    0xff, 0xff, 0xff, 0xff, 0xff, 0xff, 0x5b, 0xff,
    0xff, 0xff, 0xff, 0xff, 0xff, 0xff, 0xff, 0xff,
    0xff, 0xff, 0xff, 0xff, 0xff, 0xf2, 0x1b, 0xff,
    0xff, 0xff, 0xff, 0xff, 0xff, 0xff, 0xff, 0xff,
    0xff, 0xff, 0xff, 0xff, 0xd5, 0x0,

    /* U+F021 "" */
    0x0, 0x0, 0x0, 0x0, 0x0, 0x0, 0x1, 0x0,
    0x0, 0x0, 0x0, 0x7, 0xcc, 0xa0, 0x0, 0x0,
    0x0, 0x2, 0x8c, 0xff, 0xff, 0xea, 0x50, 0x0,
    0x0, 0xbf, 0xff, 0x0, 0x0, 0x0, 0x2a, 0xff,
    0xff, 0xff, 0xff, 0xff, 0xf8, 0x0, 0xa, 0xff,
    0xf0, 0x0, 0x0, 0x6f, 0xff, 0xff, 0xff, 0xff,
    0xff, 0xff, 0xfe, 0x40, 0xaf, 0xff, 0x0, 0x0,
    0x8f, 0xff, 0xff, 0xfe, 0xba, 0xbe, 0xff, 0xff,
    0xff, 0x89, 0xff, 0xf0, 0x0, 0x8f, 0xff, 0xff,
    0xa3, 0x0, 0x0, 0x4, 0xaf, 0xff, 0xff, 0xef,
    0xff, 0x0, 0x4f, 0xff, 0xfd, 0x30, 0x0, 0x0,
    0x0, 0x0, 0x3d, 0xff, 0xff, 0xff, 0xf0, 0xe,
    0xff, 0xfc, 0x10, 0x0, 0x0, 0x0, 0x0, 0x0,
    0xb, 0xff, 0xff, 0xff, 0x6, 0xff, 0xfe, 0x10,
    0x0, 0x0, 0x0, 0x7, 0xa9, 0x98, 0x8f, 0xff,
    0xff, 0xf0, 0xdf, 0xff, 0x50, 0x0, 0x0, 0x0,
    0x0, 0xdf, 0xff, 0xff, 0xff, 0xff, 0xff, 0x2f,
    0xff, 0xd0, 0x0, 0x0, 0x0, 0x0, 0xd, 0xff,
    0xff, 0xff, 0xff, 0xff, 0xf4, 0xff, 0xf7, 0x0,
    0x0, 0x0, 0x0, 0x0, 0xbf, 0xff, 0xff, 0xff,
    0xff, 0xfe, 0x0, 0x0, 0x0, 0x0, 0x0, 0x0,
    0x0, 0x0, 0x0, 0x0, 0x0, 0x0, 0x0, 0x0,
    0x0, 0x0, 0x0, 0x0, 0x0, 0x0, 0x0, 0x0,
    0x0, 0x0, 0x0, 0x0, 0x0, 0x0, 0x0, 0x0,
    0x0, 0x0, 0x0, 0x0, 0x0, 0x0, 0x0, 0x0,
    0x0, 0x0, 0x7, 0x99, 0x99, 0x99, 0x99, 0x99,
    0x50, 0x0, 0x0, 0x0, 0x0, 0x3, 0x99, 0x91,
    0xff, 0xff, 0xff, 0xff, 0xff, 0xfc, 0x0, 0x0,
    0x0, 0x0, 0x0, 0xbf, 0xff, 0x3f, 0xff, 0xff,
    0xff, 0xff, 0xff, 0xd0, 0x0, 0x0, 0x0, 0x0,
    0x1f, 0xff, 0xe0, 0xff, 0xff, 0xff, 0xef, 0xff,
    0xfc, 0x0, 0x0, 0x0, 0x0, 0xa, 0xff, 0xfa,
    0xf, 0xff, 0xff, 0xf4, 0x0, 0x12, 0x0, 0x0,
    0x0, 0x0, 0x5, 0xff, 0xff, 0x20, 0xff, 0xff,
    0xff, 0xf4, 0x0, 0x0, 0x0, 0x0, 0x0, 0x5,
    0xff, 0xff, 0xa0, 0xf, 0xff, 0xff, 0xff, 0xf8,
    0x0, 0x0, 0x0, 0x0, 0x8, 0xff, 0xff, 0xe1,
    0x0, 0xff, 0xfc, 0xff, 0xff, 0xfe, 0x72, 0x0,
    0x2, 0x7e, 0xff, 0xff, 0xf3, 0x0, 0xf, 0xff,
    0x94, 0xff, 0xff, 0xff, 0xff, 0xef, 0xff, 0xff,
    0xff, 0xf4, 0x0, 0x0, 0xff, 0xfa, 0x2, 0xbf,
    0xff, 0xff, 0xff, 0xff, 0xff, 0xff, 0xc2, 0x0,
    0x0, 0xf, 0xff, 0xb0, 0x0, 0x4c, 0xff, 0xff,
    0xff, 0xff, 0xfe, 0x70, 0x0, 0x0, 0x0, 0xff,
    0xfb, 0x0, 0x0, 0x2, 0x7b, 0xde, 0xdc, 0x84,
    0x0, 0x0, 0x0, 0x0, 0x2, 0x33, 0x10, 0x0,
    0x0, 0x0, 0x0, 0x0, 0x0, 0x0, 0x0, 0x0,
    0x0, 0x0,

    /* U+F026 "" */
    0x0, 0x0, 0x0, 0x0, 0x0, 0x0, 0x20, 0x0,
    0x0, 0x0, 0x0, 0x0, 0x2e, 0xf4, 0x0, 0x0,
    0x0, 0x0, 0x2, 0xef, 0xf7, 0x0, 0x0, 0x0,
    0x0, 0x2e, 0xff, 0xf8, 0x0, 0x0, 0x0, 0x2,
    0xef, 0xff, 0xf8, 0x2, 0x22, 0x22, 0x3e, 0xff,
    0xff, 0xf8, 0xcf, 0xff, 0xff, 0xff, 0xff, 0xff,
    0xf8, 0xff, 0xff, 0xff, 0xff, 0xff, 0xff, 0xf8,
    0xff, 0xff, 0xff, 0xff, 0xff, 0xff, 0xf8, 0xff,
    0xff, 0xff, 0xff, 0xff, 0xff, 0xf8, 0xff, 0xff,
    0xff, 0xff, 0xff, 0xff, 0xf8, 0xff, 0xff, 0xff,
    0xff, 0xff, 0xff, 0xf8, 0xff, 0xff, 0xff, 0xff,
    0xff, 0xff, 0xf8, 0xff, 0xff, 0xff, 0xff, 0xff,
    0xff, 0xf8, 0xff, 0xff, 0xff, 0xff, 0xff, 0xff,
    0xf8, 0x9f, 0xff, 0xff, 0xff, 0xff, 0xff, 0xf8,
    0x0, 0x0, 0x0, 0xc, 0xff, 0xff, 0xf8, 0x0,
    0x0, 0x0, 0x0, 0xcf, 0xff, 0xf8, 0x0, 0x0,
    0x0, 0x0, 0xc, 0xff, 0xf8, 0x0, 0x0, 0x0,
    0x0, 0x0, 0xcf, 0xf7, 0x0, 0x0, 0x0, 0x0,
    0x0, 0xb, 0xe3, 0x0, 0x0, 0x0, 0x0, 0x0,
    0x0, 0x0,

    /* U+F027 "" */
    0x0, 0x0, 0x0, 0x0, 0x0, 0x0, 0x10, 0x0,
    0x0, 0x0, 0x0, 0x0, 0x0, 0x0, 0x0, 0x1,
    0xdf, 0x40, 0x0, 0x0, 0x0, 0x0, 0x0, 0x0,
    0x0, 0x1, 0xdf, 0xf7, 0x0, 0x0, 0x0, 0x0,
    0x0, 0x0, 0x0, 0x1, 0xdf, 0xff, 0x80, 0x0,
    0x0, 0x0, 0x0, 0x0, 0x0, 0x1, 0xdf, 0xff,
    0xf8, 0x0, 0x0, 0x0, 0x0, 0x22, 0x22, 0x23,
    0xef, 0xff, 0xff, 0x80, 0x0, 0x0, 0x0, 0xcf,
    0xff, 0xff, 0xff, 0xff, 0xff, 0xf8, 0x0, 0x13,
    0x0, 0xf, 0xff, 0xff, 0xff, 0xff, 0xff, 0xff,
    0x80, 0xe, 0xf9, 0x0, 0xff, 0xff, 0xff, 0xff,
    0xff, 0xff, 0xf8, 0x0, 0xdf, 0xf7, 0xf, 0xff,
    0xff, 0xff, 0xff, 0xff, 0xff, 0x80, 0x1, 0xdf,
    0xe0, 0xff, 0xff, 0xff, 0xff, 0xff, 0xff, 0xf8,
    0x0, 0x5, 0xff, 0x2f, 0xff, 0xff, 0xff, 0xff,
    0xff, 0xff, 0x80, 0x0, 0x6f, 0xf2, 0xff, 0xff,
    0xff, 0xff, 0xff, 0xff, 0xf8, 0x0, 0x2e, 0xfe,
    0xf, 0xff, 0xff, 0xff, 0xff, 0xff, 0xff, 0x80,
    0xe, 0xff, 0x60, 0xff, 0xff, 0xff, 0xff, 0xff,
    0xff, 0xf8, 0x0, 0xdf, 0x70, 0xa, 0xff, 0xff,
    0xff, 0xff, 0xff, 0xff, 0x80, 0x0, 0x10, 0x0,
    0x0, 0x0, 0x0, 0xc, 0xff, 0xff, 0xf8, 0x0,
    0x0, 0x0, 0x0, 0x0, 0x0, 0x0, 0xc, 0xff,
    0xff, 0x80, 0x0, 0x0, 0x0, 0x0, 0x0, 0x0,
    0x0, 0xc, 0xff, 0xf8, 0x0, 0x0, 0x0, 0x0,
    0x0, 0x0, 0x0, 0x0, 0xc, 0xff, 0x70, 0x0,
    0x0, 0x0, 0x0, 0x0, 0x0, 0x0, 0x0, 0xb,
    0xf3, 0x0, 0x0, 0x0, 0x0, 0x0, 0x0, 0x0,
    0x0, 0x0, 0x0, 0x0, 0x0, 0x0, 0x0,

    /* U+F028 "" */
    0x0, 0x0, 0x0, 0x0, 0x0, 0x0, 0x0, 0x0,
    0x0, 0x0, 0x0, 0xa9, 0x0, 0x0, 0x0, 0x0,
    0x0, 0x0, 0x0, 0x0, 0x0, 0x0, 0x0, 0x0,
    0x0, 0x0, 0x4f, 0xfd, 0x20, 0x0, 0x0, 0x0,
    0x0, 0x0, 0x0, 0x0, 0x0, 0x20, 0x0, 0x0,
    0x0, 0x0, 0xbf, 0xfe, 0x30, 0x0, 0x0, 0x0,
    0x0, 0x0, 0x0, 0x2, 0xef, 0x40, 0x0, 0x0,
    0x0, 0x0, 0x8f, 0xfe, 0x10, 0x0, 0x0, 0x0,
    0x0, 0x0, 0x2, 0xef, 0xf7, 0x0, 0x0, 0x5,
    0x70, 0x0, 0x7f, 0xfc, 0x0, 0x0, 0x0, 0x0,
    0x0, 0x2, 0xef, 0xff, 0x80, 0x0, 0x1, 0xff,
    0xc1, 0x0, 0xaf, 0xf6, 0x0, 0x0, 0x0, 0x0,
    0x2, 0xef, 0xff, 0xf8, 0x0, 0x0, 0xc, 0xff,
    0xd0, 0x1, 0xef, 0xe0, 0x0, 0x22, 0x22, 0x23,
    0xef, 0xff, 0xff, 0x80, 0x0, 0x0, 0xa, 0xff,
    0xa0, 0x6, 0xff, 0x50, 0xcf, 0xff, 0xff, 0xff,
    0xff, 0xff, 0xf8, 0x0, 0x24, 0x0, 0xb, 0xff,
    0x40, 0xf, 0xfa, 0xf, 0xff, 0xff, 0xff, 0xff,
    0xff, 0xff, 0x80, 0xe, 0xfa, 0x0, 0x1f, 0xfb,
    0x0, 0xaf, 0xf0, 0xff, 0xff, 0xff, 0xff, 0xff,
    0xff, 0xf8, 0x0, 0xdf, 0xf8, 0x0, 0xaf, 0xf0,
    0x6, 0xff, 0x2f, 0xff, 0xff, 0xff, 0xff, 0xff,
    0xff, 0x80, 0x1, 0xcf, 0xf0, 0x5, 0xff, 0x30,
    0x3f, 0xf4, 0xff, 0xff, 0xff, 0xff, 0xff, 0xff,
    0xf8, 0x0, 0x5, 0xff, 0x20, 0x4f, 0xf4, 0x2,
    0xff, 0x5f, 0xff, 0xff, 0xff, 0xff, 0xff, 0xff,
    0x80, 0x0, 0x6f, 0xf2, 0x4, 0xff, 0x40, 0x3f,
    0xf5, 0xff, 0xff, 0xff, 0xff, 0xff, 0xff, 0xf8,
    0x0, 0x3e, 0xfe, 0x0, 0x6f, 0xf2, 0x4, 0xff,
    0x4f, 0xff, 0xff, 0xff, 0xff, 0xff, 0xff, 0x80,
    0xf, 0xff, 0x50, 0xb, 0xfe, 0x0, 0x7f, 0xf1,
    0xff, 0xff, 0xff, 0xff, 0xff, 0xff, 0xf8, 0x0,
    0xcf, 0x60, 0x3, 0xff, 0x90, 0xb, 0xfe, 0x9,
    0xff, 0xff, 0xff, 0xff, 0xff, 0xff, 0x80, 0x0,
    0x0, 0x1, 0xdf, 0xf2, 0x2, 0xff, 0x90, 0x0,
    0x0, 0x0, 0xc, 0xff, 0xff, 0xf8, 0x0, 0x0,
    0x2, 0xdf, 0xf7, 0x0, 0x9f, 0xf3, 0x0, 0x0,
    0x0, 0x0, 0xc, 0xff, 0xff, 0x80, 0x0, 0x0,
    0xef, 0xfa, 0x0, 0x2f, 0xfc, 0x0, 0x0, 0x0,
    0x0, 0x0, 0xc, 0xff, 0xf8, 0x0, 0x0, 0xf,
    0xf8, 0x0, 0xc, 0xff, 0x30, 0x0, 0x0, 0x0,
    0x0, 0x0, 0xc, 0xff, 0x70, 0x0, 0x0, 0x23,
    0x0, 0xb, 0xff, 0x90, 0x0, 0x0, 0x0, 0x0,
    0x0, 0x0, 0xb, 0xe3, 0x0, 0x0, 0x0, 0x0,
    0x1c, 0xff, 0xc0, 0x0, 0x0, 0x0, 0x0, 0x0,
    0x0, 0x0, 0x0, 0x0, 0x0, 0x0, 0x0, 0x1e,
    0xff, 0xc1, 0x0, 0x0, 0x0, 0x0, 0x0, 0x0,
    0x0, 0x0, 0x0, 0x0, 0x0, 0x0, 0x4, 0xff,
    0xa0, 0x0, 0x0, 0x0, 0x0, 0x0, 0x0, 0x0,
    0x0, 0x0, 0x0, 0x0, 0x0, 0x0, 0x6, 0x50,
    0x0, 0x0, 0x0,

    /* U+F03E "" */
    0x0, 0x0, 0x0, 0x0, 0x0, 0x0, 0x0, 0x0,
    0x0, 0x0, 0x0, 0x0, 0x0, 0x2, 0xcf, 0xff,
    0xff, 0xff, 0xff, 0xff, 0xff, 0xff, 0xff, 0xff,
    0xff, 0xff, 0xc2, 0xcf, 0xff, 0xff, 0xff, 0xff,
    0xff, 0xff, 0xff, 0xff, 0xff, 0xff, 0xff, 0xff,
    0xcf, 0xff, 0xff, 0xff, 0xff, 0xff, 0xff, 0xff,
    0xff, 0xff, 0xff, 0xff, 0xff, 0xff, 0xff, 0xfe,
    0x40, 0x6, 0xff, 0xff, 0xff, 0xff, 0xff, 0xff,
    0xff, 0xff, 0xff, 0xff, 0xff, 0x50, 0x0, 0x8,
    0xff, 0xff, 0xff, 0xff, 0xff, 0xff, 0xff, 0xff,
    0xff, 0xff, 0xf0, 0x0, 0x0, 0x3f, 0xff, 0xff,
    0xff, 0xff, 0xff, 0xff, 0xff, 0xff, 0xff, 0xff,
    0x10, 0x0, 0x4, 0xff, 0xff, 0xff, 0xff, 0xb0,
    0x9f, 0xff, 0xff, 0xff, 0xff, 0xfa, 0x0, 0x0,
    0xcf, 0xff, 0xff, 0xff, 0xb0, 0x0, 0x9f, 0xff,
    0xff, 0xff, 0xff, 0xfc, 0x77, 0xdf, 0xff, 0xff,
    0xff, 0xb0, 0x0, 0x0, 0x9f, 0xff, 0xff, 0xff,
    0xff, 0xff, 0xff, 0xff, 0xff, 0xff, 0xb0, 0x0,
    0x0, 0x0, 0x9f, 0xff, 0xff, 0xff, 0xff, 0xfd,
    0x3b, 0xff, 0xff, 0xb0, 0x0, 0x0, 0x0, 0x0,
    0xaf, 0xff, 0xff, 0xff, 0xfd, 0x10, 0xb, 0xff,
    0xb0, 0x0, 0x0, 0x0, 0x0, 0x6, 0xff, 0xff,
    0xff, 0xfd, 0x10, 0x0, 0xb, 0xb0, 0x0, 0x0,
    0x0, 0x0, 0x0, 0x6f, 0xff, 0xff, 0xfd, 0x10,
    0x0, 0x0, 0x0, 0x0, 0x0, 0x0, 0x0, 0x0,
    0x6, 0xff, 0xff, 0xff, 0x60, 0x0, 0x0, 0x0,
    0x0, 0x0, 0x0, 0x0, 0x0, 0x0, 0x6f, 0xff,
    0xff, 0xf6, 0x0, 0x0, 0x0, 0x0, 0x0, 0x0,
    0x0, 0x0, 0x0, 0x6, 0xff, 0xff, 0xff, 0x96,
    0x66, 0x66, 0x66, 0x66, 0x66, 0x66, 0x66, 0x66,
    0x66, 0x9f, 0xff, 0xff, 0xff, 0xff, 0xff, 0xff,
    0xff, 0xff, 0xff, 0xff, 0xff, 0xff, 0xff, 0xff,
    0xfb, 0xff, 0xff, 0xff, 0xff, 0xff, 0xff, 0xff,
    0xff, 0xff, 0xff, 0xff, 0xff, 0xfb, 0x1b, 0xff,
    0xff, 0xff, 0xff, 0xff, 0xff, 0xff, 0xff, 0xff,
    0xff, 0xff, 0xfb, 0x10,

    /* U+F048 "" */
    0x0, 0x0, 0x0, 0x0, 0x0, 0x0, 0x0, 0x0,
    0x0, 0x9f, 0xfe, 0x0, 0x0, 0x0, 0x0, 0x0,
    0x9f, 0x80, 0xbf, 0xff, 0x10, 0x0, 0x0, 0x0,
    0xb, 0xff, 0xf1, 0xbf, 0xff, 0x10, 0x0, 0x0,
    0x1, 0xcf, 0xff, 0xf2, 0xbf, 0xff, 0x10, 0x0,
    0x0, 0x1d, 0xff, 0xff, 0xf2, 0xbf, 0xff, 0x10,
    0x0, 0x2, 0xdf, 0xff, 0xff, 0xf2, 0xbf, 0xff,
    0x10, 0x0, 0x2e, 0xff, 0xff, 0xff, 0xf2, 0xbf,
    0xff, 0x10, 0x3, 0xff, 0xff, 0xff, 0xff, 0xf2,
    0xbf, 0xff, 0x10, 0x4f, 0xff, 0xff, 0xff, 0xff,
    0xf2, 0xbf, 0xff, 0x15, 0xff, 0xff, 0xff, 0xff,
    0xff, 0xf2, 0xbf, 0xff, 0x8f, 0xff, 0xff, 0xff,
    0xff, 0xff, 0xf2, 0xbf, 0xff, 0xff, 0xff, 0xff,
    0xff, 0xff, 0xff, 0xf2, 0xbf, 0xff, 0xff, 0xff,
    0xff, 0xff, 0xff, 0xff, 0xf2, 0xbf, 0xff, 0xff,
    0xff, 0xff, 0xff, 0xff, 0xff, 0xf2, 0xbf, 0xff,
    0xff, 0xff, 0xff, 0xff, 0xff, 0xff, 0xf2, 0xbf,
    0xff, 0x5e, 0xff, 0xff, 0xff, 0xff, 0xff, 0xf2,
    0xbf, 0xff, 0x12, 0xef, 0xff, 0xff, 0xff, 0xff,
    0xf2, 0xbf, 0xff, 0x10, 0x2d, 0xff, 0xff, 0xff,
    0xff, 0xf2, 0xbf, 0xff, 0x10, 0x1, 0xcf, 0xff,
    0xff, 0xff, 0xf2, 0xbf, 0xff, 0x10, 0x0, 0xc,
    0xff, 0xff, 0xff, 0xf2, 0xbf, 0xff, 0x10, 0x0,
    0x0, 0xbf, 0xff, 0xff, 0xf2, 0xbf, 0xff, 0x10,
    0x0, 0x0, 0x9, 0xff, 0xff, 0xf2, 0xbf, 0xff,
    0x10, 0x0, 0x0, 0x0, 0x8f, 0xff, 0xf2, 0xbf,
    0xff, 0x10, 0x0, 0x0, 0x0, 0x7, 0xff, 0xf0,
    0x6a, 0xa9, 0x0, 0x0, 0x0, 0x0, 0x0, 0x5a,
    0x40,

    /* U+F04B "" */
    0x5, 0x96, 0x0, 0x0, 0x0, 0x0, 0x0, 0x0,
    0x0, 0x0, 0x0, 0x0, 0x9f, 0xff, 0xd3, 0x0,
    0x0, 0x0, 0x0, 0x0, 0x0, 0x0, 0x0, 0x0,
    0xff, 0xff, 0xff, 0xa1, 0x0, 0x0, 0x0, 0x0,
    0x0, 0x0, 0x0, 0x0, 0xff, 0xff, 0xff, 0xff,
    0x70, 0x0, 0x0, 0x0, 0x0, 0x0, 0x0, 0x0,
    0xff, 0xff, 0xff, 0xff, 0xfd, 0x40, 0x0, 0x0,
    0x0, 0x0, 0x0, 0x0, 0xff, 0xff, 0xff, 0xff,
    0xff, 0xfb, 0x20, 0x0, 0x0, 0x0, 0x0, 0x0,
    0xff, 0xff, 0xff, 0xff, 0xff, 0xff, 0xf8, 0x0,
    0x0, 0x0, 0x0, 0x0, 0xff, 0xff, 0xff, 0xff,
    0xff, 0xff, 0xff, 0xe5, 0x0, 0x0, 0x0, 0x0,
    0xff, 0xff, 0xff, 0xff, 0xff, 0xff, 0xff, 0xff,
    0xb2, 0x0, 0x0, 0x0, 0xff, 0xff, 0xff, 0xff,
    0xff, 0xff, 0xff, 0xff, 0xff, 0x80, 0x0, 0x0,
    0xff, 0xff, 0xff, 0xff, 0xff, 0xff, 0xff, 0xff,
    0xff, 0xfe, 0x60, 0x0, 0xff, 0xff, 0xff, 0xff,
    0xff, 0xff, 0xff, 0xff, 0xff, 0xff, 0xfc, 0x30,
    0xff, 0xff, 0xff, 0xff, 0xff, 0xff, 0xff, 0xff,
    0xff, 0xff, 0xff, 0xf3, 0xff, 0xff, 0xff, 0xff,
    0xff, 0xff, 0xff, 0xff, 0xff, 0xff, 0xff, 0xf9,
    0xff, 0xff, 0xff, 0xff, 0xff, 0xff, 0xff, 0xff,
    0xff, 0xff, 0xff, 0xf8, 0xff, 0xff, 0xff, 0xff,
    0xff, 0xff, 0xff, 0xff, 0xff, 0xff, 0xff, 0xd1,
    0xff, 0xff, 0xff, 0xff, 0xff, 0xff, 0xff, 0xff,
    0xff, 0xff, 0xf8, 0x0, 0xff, 0xff, 0xff, 0xff,
    0xff, 0xff, 0xff, 0xff, 0xff, 0xfb, 0x20, 0x0,
    0xff, 0xff, 0xff, 0xff, 0xff, 0xff, 0xff, 0xff,
    0xfd, 0x50, 0x0, 0x0, 0xff, 0xff, 0xff, 0xff,
    0xff, 0xff, 0xff, 0xff, 0x70, 0x0, 0x0, 0x0,
    0xff, 0xff, 0xff, 0xff, 0xff, 0xff, 0xff, 0xa1,
    0x0, 0x0, 0x0, 0x0, 0xff, 0xff, 0xff, 0xff,
    0xff, 0xff, 0xd4, 0x0, 0x0, 0x0, 0x0, 0x0,
    0xff, 0xff, 0xff, 0xff, 0xff, 0xf7, 0x0, 0x0,
    0x0, 0x0, 0x0, 0x0, 0xff, 0xff, 0xff, 0xff,
    0xfa, 0x10, 0x0, 0x0, 0x0, 0x0, 0x0, 0x0,
    0xff, 0xff, 0xff, 0xfc, 0x30, 0x0, 0x0, 0x0,
    0x0, 0x0, 0x0, 0x0, 0xef, 0xff, 0xfe, 0x60,
    0x0, 0x0, 0x0, 0x0, 0x0, 0x0, 0x0, 0x0,
    0x5f, 0xff, 0x91, 0x0, 0x0, 0x0, 0x0, 0x0,
    0x0, 0x0, 0x0, 0x0, 0x2, 0x52, 0x0, 0x0,
    0x0, 0x0, 0x0, 0x0, 0x0, 0x0, 0x0, 0x0,

    /* U+F04C "" */
    0x1b, 0xff, 0xff, 0xff, 0xc2, 0x0, 0x0, 0x4d,
    0xff, 0xff, 0xff, 0xa0, 0xbf, 0xff, 0xff, 0xff,
    0xfd, 0x0, 0x1, 0xff, 0xff, 0xff, 0xff, 0xf9,
    0xff, 0xff, 0xff, 0xff, 0xff, 0x10, 0x4, 0xff,
    0xff, 0xff, 0xff, 0xfd, 0xff, 0xff, 0xff, 0xff,
    0xff, 0x20, 0x4, 0xff, 0xff, 0xff, 0xff, 0xfd,
    0xff, 0xff, 0xff, 0xff, 0xff, 0x20, 0x4, 0xff,
    0xff, 0xff, 0xff, 0xfd, 0xff, 0xff, 0xff, 0xff,
    0xff, 0x20, 0x4, 0xff, 0xff, 0xff, 0xff, 0xfd,
    0xff, 0xff, 0xff, 0xff, 0xff, 0x20, 0x4, 0xff,
    0xff, 0xff, 0xff, 0xfd, 0xff, 0xff, 0xff, 0xff,
    0xff, 0x20, 0x4, 0xff, 0xff, 0xff, 0xff, 0xfd,
    0xff, 0xff, 0xff, 0xff, 0xff, 0x20, 0x4, 0xff,
    0xff, 0xff, 0xff, 0xfd, 0xff, 0xff, 0xff, 0xff,
    0xff, 0x20, 0x4, 0xff, 0xff, 0xff, 0xff, 0xfd,
    0xff, 0xff, 0xff, 0xff, 0xff, 0x20, 0x4, 0xff,
    0xff, 0xff, 0xff, 0xfd, 0xff, 0xff, 0xff, 0xff,
    0xff, 0x20, 0x4, 0xff, 0xff, 0xff, 0xff, 0xfd,
    0xff, 0xff, 0xff, 0xff, 0xff, 0x20, 0x4, 0xff,
    0xff, 0xff, 0xff, 0xfd, 0xff, 0xff, 0xff, 0xff,
    0xff, 0x20, 0x4, 0xff, 0xff, 0xff, 0xff, 0xfd,
    0xff, 0xff, 0xff, 0xff, 0xff, 0x20, 0x4, 0xff,
    0xff, 0xff, 0xff, 0xfd, 0xff, 0xff, 0xff, 0xff,
    0xff, 0x20, 0x4, 0xff, 0xff, 0xff, 0xff, 0xfd,
    0xff, 0xff, 0xff, 0xff, 0xff, 0x20, 0x4, 0xff,
    0xff, 0xff, 0xff, 0xfd, 0xff, 0xff, 0xff, 0xff,
    0xff, 0x20, 0x4, 0xff, 0xff, 0xff, 0xff, 0xfd,
    0xff, 0xff, 0xff, 0xff, 0xff, 0x20, 0x4, 0xff,
    0xff, 0xff, 0xff, 0xfd, 0xff, 0xff, 0xff, 0xff,
    0xff, 0x20, 0x4, 0xff, 0xff, 0xff, 0xff, 0xfd,
    0xff, 0xff, 0xff, 0xff, 0xff, 0x20, 0x4, 0xff,
    0xff, 0xff, 0xff, 0xfd, 0xef, 0xff, 0xff, 0xff,
    0xff, 0x0, 0x3, 0xff, 0xff, 0xff, 0xff, 0xfc,
    0x8f, 0xff, 0xff, 0xff, 0xfa, 0x0, 0x0, 0xcf,
    0xff, 0xff, 0xff, 0xf6, 0x5, 0x9a, 0xaa, 0xaa,
    0x60, 0x0, 0x0, 0x7, 0xaa, 0xaa, 0xa9, 0x40,

    /* U+F04D "" */
    0x1a, 0xef, 0xff, 0xff, 0xff, 0xff, 0xff, 0xff,
    0xff, 0xff, 0xfe, 0x70, 0xbf, 0xff, 0xff, 0xff,
    0xff, 0xff, 0xff, 0xff, 0xff, 0xff, 0xff, 0xf5,
    0xff, 0xff, 0xff, 0xff, 0xff, 0xff, 0xff, 0xff,
    0xff, 0xff, 0xff, 0xf9, 0xff, 0xff, 0xff, 0xff,
    0xff, 0xff, 0xff, 0xff, 0xff, 0xff, 0xff, 0xfa,
    0xff, 0xff, 0xff, 0xff, 0xff, 0xff, 0xff, 0xff,
    0xff, 0xff, 0xff, 0xfa, 0xff, 0xff, 0xff, 0xff,
    0xff, 0xff, 0xff, 0xff, 0xff, 0xff, 0xff, 0xfa,
    0xff, 0xff, 0xff, 0xff, 0xff, 0xff, 0xff, 0xff,
    0xff, 0xff, 0xff, 0xfa, 0xff, 0xff, 0xff, 0xff,
    0xff, 0xff, 0xff, 0xff, 0xff, 0xff, 0xff, 0xfa,
    0xff, 0xff, 0xff, 0xff, 0xff, 0xff, 0xff, 0xff,
    0xff, 0xff, 0xff, 0xfa, 0xff, 0xff, 0xff, 0xff,
    0xff, 0xff, 0xff, 0xff, 0xff, 0xff, 0xff, 0xfa,
    0xff, 0xff, 0xff, 0xff, 0xff, 0xff, 0xff, 0xff,
    0xff, 0xff, 0xff, 0xfa, 0xff, 0xff, 0xff, 0xff,
    0xff, 0xff, 0xff, 0xff, 0xff, 0xff, 0xff, 0xfa,
    0xff, 0xff, 0xff, 0xff, 0xff, 0xff, 0xff, 0xff,
    0xff, 0xff, 0xff, 0xfa, 0xff, 0xff, 0xff, 0xff,
    0xff, 0xff, 0xff, 0xff, 0xff, 0xff, 0xff, 0xfa,
    0xff, 0xff, 0xff, 0xff, 0xff, 0xff, 0xff, 0xff,
    0xff, 0xff, 0xff, 0xfa, 0xff, 0xff, 0xff, 0xff,
    0xff, 0xff, 0xff, 0xff, 0xff, 0xff, 0xff, 0xfa,
    0xff, 0xff, 0xff, 0xff, 0xff, 0xff, 0xff, 0xff,
    0xff, 0xff, 0xff, 0xfa, 0xff, 0xff, 0xff, 0xff,
    0xff, 0xff, 0xff, 0xff, 0xff, 0xff, 0xff, 0xfa,
    0xff, 0xff, 0xff, 0xff, 0xff, 0xff, 0xff, 0xff,
    0xff, 0xff, 0xff, 0xfa, 0xff, 0xff, 0xff, 0xff,
    0xff, 0xff, 0xff, 0xff, 0xff, 0xff, 0xff, 0xfa,
    0xff, 0xff, 0xff, 0xff, 0xff, 0xff, 0xff, 0xff,
    0xff, 0xff, 0xff, 0xfa, 0xef, 0xff, 0xff, 0xff,
    0xff, 0xff, 0xff, 0xff, 0xff, 0xff, 0xff, 0xf8,
    0x8f, 0xff, 0xff, 0xff, 0xff, 0xff, 0xff, 0xff,
    0xff, 0xff, 0xff, 0xf3, 0x6, 0xaa, 0xaa, 0xaa,
    0xaa, 0xaa, 0xaa, 0xaa, 0xaa, 0xaa, 0xa9, 0x30,

    /* U+F051 "" */
    0x0, 0x0, 0x0, 0x0, 0x0, 0x0, 0x0, 0x0,
    0x0, 0x3e, 0xd2, 0x0, 0x0, 0x0, 0x0, 0x9,
    0xff, 0xe0, 0xbf, 0xfe, 0x30, 0x0, 0x0, 0x0,
    0xb, 0xff, 0xf1, 0xcf, 0xff, 0xf4, 0x0, 0x0,
    0x0, 0xb, 0xff, 0xf1, 0xcf, 0xff, 0xff, 0x50,
    0x0, 0x0, 0xb, 0xff, 0xf1, 0xcf, 0xff, 0xff,
    0xf6, 0x0, 0x0, 0xb, 0xff, 0xf1, 0xcf, 0xff,
    0xff, 0xff, 0x70, 0x0, 0xb, 0xff, 0xf1, 0xcf,
    0xff, 0xff, 0xff, 0xf9, 0x0, 0xb, 0xff, 0xf1,
    0xcf, 0xff, 0xff, 0xff, 0xff, 0xa0, 0xb, 0xff,
    0xf1, 0xcf, 0xff, 0xff, 0xff, 0xff, 0xfb, 0xb,
    0xff, 0xf1, 0xcf, 0xff, 0xff, 0xff, 0xff, 0xff,
    0xcc, 0xff, 0xf1, 0xcf, 0xff, 0xff, 0xff, 0xff,
    0xff, 0xff, 0xff, 0xf1, 0xcf, 0xff, 0xff, 0xff,
    0xff, 0xff, 0xff, 0xff, 0xf1, 0xcf, 0xff, 0xff,
    0xff, 0xff, 0xff, 0xff, 0xff, 0xf1, 0xcf, 0xff,
    0xff, 0xff, 0xff, 0xff, 0xff, 0xff, 0xf1, 0xcf,
    0xff, 0xff, 0xff, 0xff, 0xff, 0x7b, 0xff, 0xf1,
    0xcf, 0xff, 0xff, 0xff, 0xff, 0xf6, 0xb, 0xff,
    0xf1, 0xcf, 0xff, 0xff, 0xff, 0xff, 0x50, 0xb,
    0xff, 0xf1, 0xcf, 0xff, 0xff, 0xff, 0xf4, 0x0,
    0xb, 0xff, 0xf1, 0xcf, 0xff, 0xff, 0xfe, 0x30,
    0x0, 0xb, 0xff, 0xf1, 0xcf, 0xff, 0xff, 0xe2,
    0x0, 0x0, 0xb, 0xff, 0xf1, 0xcf, 0xff, 0xfd,
    0x10, 0x0, 0x0, 0xb, 0xff, 0xf1, 0xcf, 0xff,
    0xc1, 0x0, 0x0, 0x0, 0xb, 0xff, 0xf1, 0xaf,
    0xfc, 0x0, 0x0, 0x0, 0x0, 0xb, 0xff, 0xf1,
    0x19, 0x80, 0x0, 0x0, 0x0, 0x0, 0x6, 0xaa,
    0x90,

    /* U+F052 "" */
    0x0, 0x0, 0x0, 0x0, 0x0, 0x8, 0xec, 0x30,
    0x0, 0x0, 0x0, 0x0, 0x0, 0x0, 0x0, 0x0,
    0x0, 0x0, 0x9f, 0xff, 0xf3, 0x0, 0x0, 0x0,
    0x0, 0x0, 0x0, 0x0, 0x0, 0x0, 0x8, 0xff,
    0xff, 0xff, 0x30, 0x0, 0x0, 0x0, 0x0, 0x0,
    0x0, 0x0, 0x0, 0x6f, 0xff, 0xff, 0xff, 0xe2,
    0x0, 0x0, 0x0, 0x0, 0x0, 0x0, 0x0, 0x5,
    0xff, 0xff, 0xff, 0xff, 0xfd, 0x10, 0x0, 0x0,
    0x0, 0x0, 0x0, 0x0, 0x4f, 0xff, 0xff, 0xff,
    0xff, 0xff, 0xd0, 0x0, 0x0, 0x0, 0x0, 0x0,
    0x3, 0xff, 0xff, 0xff, 0xff, 0xff, 0xff, 0xfc,
    0x0, 0x0, 0x0, 0x0, 0x0, 0x2e, 0xff, 0xff,
    0xff, 0xff, 0xff, 0xff, 0xff, 0xb0, 0x0, 0x0,
    0x0, 0x1, 0xef, 0xff, 0xff, 0xff, 0xff, 0xff,
    0xff, 0xff, 0xfa, 0x0, 0x0, 0x0, 0x1d, 0xff,
    0xff, 0xff, 0xff, 0xff, 0xff, 0xff, 0xff, 0xff,
    0x80, 0x0, 0x0, 0xcf, 0xff, 0xff, 0xff, 0xff,
    0xff, 0xff, 0xff, 0xff, 0xff, 0xf7, 0x0, 0xa,
    0xff, 0xff, 0xff, 0xff, 0xff, 0xff, 0xff, 0xff,
    0xff, 0xff, 0xff, 0x40, 0xf, 0xff, 0xff, 0xff,
    0xff, 0xff, 0xff, 0xff, 0xff, 0xff, 0xff, 0xff,
    0x90, 0xd, 0xff, 0xff, 0xff, 0xff, 0xff, 0xff,
    0xff, 0xff, 0xff, 0xff, 0xff, 0x70, 0x4, 0xff,
    0xff, 0xff, 0xff, 0xff, 0xff, 0xff, 0xff, 0xff,
    0xff, 0xfc, 0x0, 0x0, 0x3, 0x33, 0x33, 0x33,
    0x33, 0x33, 0x33, 0x33, 0x33, 0x33, 0x20, 0x0,
    0x0, 0x0, 0x0, 0x0, 0x0, 0x0, 0x0, 0x0,
    0x0, 0x0, 0x0, 0x0, 0x0, 0x7, 0xff, 0xff,
    0xff, 0xff, 0xff, 0xff, 0xff, 0xff, 0xff, 0xff,
    0xfe, 0x20, 0xf, 0xff, 0xff, 0xff, 0xff, 0xff,
    0xff, 0xff, 0xff, 0xff, 0xff, 0xff, 0x90, 0xf,
    0xff, 0xff, 0xff, 0xff, 0xff, 0xff, 0xff, 0xff,
    0xff, 0xff, 0xff, 0xa0, 0xf, 0xff, 0xff, 0xff,
    0xff, 0xff, 0xff, 0xff, 0xff, 0xff, 0xff, 0xff,
    0xa0, 0xf, 0xff, 0xff, 0xff, 0xff, 0xff, 0xff,
    0xff, 0xff, 0xff, 0xff, 0xff, 0xa0, 0xe, 0xff,
    0xff, 0xff, 0xff, 0xff, 0xff, 0xff, 0xff, 0xff,
    0xff, 0xff, 0x80, 0x3, 0xab, 0xbb, 0xbb, 0xbb,
    0xbb, 0xbb, 0xbb, 0xbb, 0xbb, 0xbb, 0xb8, 0x0,

    /* U+F053 "" */
    0x0, 0x0, 0x0, 0x0, 0x0, 0x1b, 0xa0, 0x0,
    0x0, 0x0, 0x0, 0x0, 0x1d, 0xff, 0xc0, 0x0,
    0x0, 0x0, 0x0, 0x1d, 0xff, 0xff, 0x50, 0x0,
    0x0, 0x0, 0x1d, 0xff, 0xff, 0xe1, 0x0, 0x0,
    0x0, 0x1d, 0xff, 0xff, 0xe2, 0x0, 0x0, 0x0,
    0x1d, 0xff, 0xff, 0xe2, 0x0, 0x0, 0x0, 0x1d,
    0xff, 0xff, 0xe2, 0x0, 0x0, 0x0, 0x1d, 0xff,
    0xff, 0xe2, 0x0, 0x0, 0x0, 0x1d, 0xff, 0xff,
    0xe2, 0x0, 0x0, 0x0, 0x1d, 0xff, 0xff, 0xe2,
    0x0, 0x0, 0x0, 0x1d, 0xff, 0xff, 0xe2, 0x0,
    0x0, 0x0, 0x8, 0xff, 0xff, 0xf3, 0x0, 0x0,
    0x0, 0x0, 0x3f, 0xff, 0xff, 0xb0, 0x0, 0x0,
    0x0, 0x0, 0x3f, 0xff, 0xff, 0xb0, 0x0, 0x0,
    0x0, 0x0, 0x3f, 0xff, 0xff, 0xb0, 0x0, 0x0,
    0x0, 0x0, 0x3f, 0xff, 0xff, 0xb0, 0x0, 0x0,
    0x0, 0x0, 0x3f, 0xff, 0xff, 0xb0, 0x0, 0x0,
    0x0, 0x0, 0x3f, 0xff, 0xff, 0xb0, 0x0, 0x0,
    0x0, 0x0, 0x3f, 0xff, 0xff, 0xb0, 0x0, 0x0,
    0x0, 0x0, 0x3f, 0xff, 0xff, 0xb0, 0x0, 0x0,
    0x0, 0x0, 0x3f, 0xff, 0xff, 0x50, 0x0, 0x0,
    0x0, 0x0, 0x3f, 0xff, 0xf2, 0x0, 0x0, 0x0,
    0x0, 0x0, 0x3f, 0xe3, 0x0, 0x0, 0x0, 0x0,
    0x0, 0x0, 0x0, 0x0,

    /* U+F054 "" */
    0x1, 0xba, 0x0, 0x0, 0x0, 0x0, 0x0, 0x1,
    0xdf, 0xfb, 0x0, 0x0, 0x0, 0x0, 0x0, 0x7f,
    0xff, 0xfb, 0x0, 0x0, 0x0, 0x0, 0x3, 0xff,
    0xff, 0xfb, 0x0, 0x0, 0x0, 0x0, 0x3, 0xff,
    0xff, 0xfb, 0x0, 0x0, 0x0, 0x0, 0x3, 0xff,
    0xff, 0xfb, 0x0, 0x0, 0x0, 0x0, 0x3, 0xff,
    0xff, 0xfb, 0x0, 0x0, 0x0, 0x0, 0x3, 0xff,
    0xff, 0xfb, 0x0, 0x0, 0x0, 0x0, 0x3, 0xff,
    0xff, 0xfb, 0x0, 0x0, 0x0, 0x0, 0x3, 0xff,
    0xff, 0xfb, 0x0, 0x0, 0x0, 0x0, 0x3, 0xff,
    0xff, 0xfb, 0x0, 0x0, 0x0, 0x0, 0x4, 0xff,
    0xff, 0xf6, 0x0, 0x0, 0x0, 0x1, 0xcf, 0xff,
    0xfe, 0x20, 0x0, 0x0, 0x1, 0xcf, 0xff, 0xfe,
    0x20, 0x0, 0x0, 0x1, 0xcf, 0xff, 0xfe, 0x20,
    0x0, 0x0, 0x1, 0xcf, 0xff, 0xfe, 0x20, 0x0,
    0x0, 0x1, 0xcf, 0xff, 0xfe, 0x20, 0x0, 0x0,
    0x1, 0xcf, 0xff, 0xfe, 0x20, 0x0, 0x0, 0x1,
    0xcf, 0xff, 0xfe, 0x20, 0x0, 0x0, 0x1, 0xcf,
    0xff, 0xfe, 0x20, 0x0, 0x0, 0x0, 0x7f, 0xff,
    0xfe, 0x20, 0x0, 0x0, 0x0, 0x3, 0xff, 0xfe,
    0x20, 0x0, 0x0, 0x0, 0x0, 0x4, 0xfe, 0x20,
    0x0, 0x0, 0x0, 0x0, 0x0, 0x1, 0x0, 0x0,
    0x0, 0x0, 0x0, 0x0,

    /* U+F067 "" */
    0x0, 0x0, 0x0, 0x0, 0x2, 0xdf, 0xea, 0x0,
    0x0, 0x0, 0x0, 0x0, 0x0, 0x0, 0x0, 0x0,
    0xa, 0xff, 0xff, 0x40, 0x0, 0x0, 0x0, 0x0,
    0x0, 0x0, 0x0, 0x0, 0xb, 0xff, 0xff, 0x50,
    0x0, 0x0, 0x0, 0x0, 0x0, 0x0, 0x0, 0x0,
    0xb, 0xff, 0xff, 0x50, 0x0, 0x0, 0x0, 0x0,
    0x0, 0x0, 0x0, 0x0, 0xb, 0xff, 0xff, 0x50,
    0x0, 0x0, 0x0, 0x0, 0x0, 0x0, 0x0, 0x0,
    0xb, 0xff, 0xff, 0x50, 0x0, 0x0, 0x0, 0x0,
    0x0, 0x0, 0x0, 0x0, 0xb, 0xff, 0xff, 0x50,
    0x0, 0x0, 0x0, 0x0, 0x0, 0x0, 0x0, 0x0,
    0xb, 0xff, 0xff, 0x50, 0x0, 0x0, 0x0, 0x0,
    0x0, 0x0, 0x0, 0x0, 0xb, 0xff, 0xff, 0x50,
    0x0, 0x0, 0x0, 0x0, 0x29, 0xaa, 0xaa, 0xaa,
    0xae, 0xff, 0xff, 0xca, 0xaa, 0xaa, 0xaa, 0x80,
    0xdf, 0xff, 0xff, 0xff, 0xff, 0xff, 0xff, 0xff,
    0xff, 0xff, 0xff, 0xf7, 0xff, 0xff, 0xff, 0xff,
    0xff, 0xff, 0xff, 0xff, 0xff, 0xff, 0xff, 0xf9,
    0xff, 0xff, 0xff, 0xff, 0xff, 0xff, 0xff, 0xff,
    0xff, 0xff, 0xff, 0xf9, 0xbf, 0xff, 0xff, 0xff,
    0xff, 0xff, 0xff, 0xff, 0xff, 0xff, 0xff, 0xf5,
    0x5, 0x66, 0x66, 0x66, 0x6d, 0xff, 0xff, 0x96,
    0x66, 0x66, 0x66, 0x40, 0x0, 0x0, 0x0, 0x0,
    0xb, 0xff, 0xff, 0x50, 0x0, 0x0, 0x0, 0x0,
    0x0, 0x0, 0x0, 0x0, 0xb, 0xff, 0xff, 0x50,
    0x0, 0x0, 0x0, 0x0, 0x0, 0x0, 0x0, 0x0,
    0xb, 0xff, 0xff, 0x50, 0x0, 0x0, 0x0, 0x0,
    0x0, 0x0, 0x0, 0x0, 0xb, 0xff, 0xff, 0x50,
    0x0, 0x0, 0x0, 0x0, 0x0, 0x0, 0x0, 0x0,
    0xb, 0xff, 0xff, 0x50, 0x0, 0x0, 0x0, 0x0,
    0x0, 0x0, 0x0, 0x0, 0xb, 0xff, 0xff, 0x50,
    0x0, 0x0, 0x0, 0x0, 0x0, 0x0, 0x0, 0x0,
    0xb, 0xff, 0xff, 0x50, 0x0, 0x0, 0x0, 0x0,
    0x0, 0x0, 0x0, 0x0, 0x9, 0xff, 0xff, 0x30,
    0x0, 0x0, 0x0, 0x0, 0x0, 0x0, 0x0, 0x0,
    0x1, 0x9b, 0xa6, 0x0, 0x0, 0x0, 0x0, 0x0,

    /* U+F068 "" */
    0x5d, 0xee, 0xee, 0xee, 0xee, 0xee, 0xee, 0xee,
    0xee, 0xee, 0xed, 0xb1, 0xef, 0xff, 0xff, 0xff,
    0xff, 0xff, 0xff, 0xff, 0xff, 0xff, 0xff, 0xf8,
    0xff, 0xff, 0xff, 0xff, 0xff, 0xff, 0xff, 0xff,
    0xff, 0xff, 0xff, 0xfa, 0xff, 0xff, 0xff, 0xff,
    0xff, 0xff, 0xff, 0xff, 0xff, 0xff, 0xff, 0xf9,
    0x9f, 0xff, 0xff, 0xff, 0xff, 0xff, 0xff, 0xff,
    0xff, 0xff, 0xff, 0xf3, 0x2, 0x33, 0x33, 0x33,
    0x33, 0x33, 0x33, 0x33, 0x33, 0x33, 0x32, 0x10,

    /* U+F06E "" */
    0x0, 0x0, 0x0, 0x0, 0x0, 0x0, 0x0, 0x11,
    0x0, 0x0, 0x0, 0x0, 0x0, 0x0, 0x0, 0x0,
    0x0, 0x0, 0x0, 0x0, 0x17, 0xbe, 0xff, 0xff,
    0xfc, 0x83, 0x0, 0x0, 0x0, 0x0, 0x0, 0x0,
    0x0, 0x0, 0x3, 0xbf, 0xff, 0xff, 0xff, 0xff,
    0xff, 0xfd, 0x60, 0x0, 0x0, 0x0, 0x0, 0x0,
    0x0, 0x1a, 0xff, 0xff, 0xfe, 0x97, 0x68, 0xcf,
    0xff, 0xff, 0xd3, 0x0, 0x0, 0x0, 0x0, 0x0,
    0x3e, 0xff, 0xff, 0xe5, 0x0, 0x0, 0x0, 0x2b,
    0xff, 0xff, 0xf7, 0x0, 0x0, 0x0, 0x0, 0x4f,
    0xff, 0xff, 0xd1, 0x0, 0x1, 0x20, 0x0, 0x9,
    0xff, 0xff, 0xfa, 0x0, 0x0, 0x0, 0x4f, 0xff,
    0xff, 0xe2, 0x0, 0x0, 0xef, 0xf9, 0x10, 0xa,
    0xff, 0xff, 0xfa, 0x0, 0x0, 0x2f, 0xff, 0xff,
    0xf6, 0x0, 0x0, 0xb, 0xff, 0xfd, 0x10, 0x1f,
    0xff, 0xff, 0xf7, 0x0, 0xd, 0xff, 0xff, 0xff,
    0x0, 0x0, 0x0, 0xef, 0xff, 0xfa, 0x0, 0xaf,
    0xff, 0xff, 0xf3, 0x7, 0xff, 0xff, 0xff, 0xb0,
    0x3, 0x1, 0xaf, 0xff, 0xff, 0xf1, 0x5, 0xff,
    0xff, 0xff, 0xc0, 0xef, 0xff, 0xff, 0xfa, 0x0,
    0xcf, 0xff, 0xff, 0xff, 0xff, 0x30, 0x4f, 0xff,
    0xff, 0xff, 0x4d, 0xff, 0xff, 0xff, 0xa0, 0xd,
    0xff, 0xff, 0xff, 0xff, 0xf2, 0x4, 0xff, 0xff,
    0xff, 0xf3, 0x5f, 0xff, 0xff, 0xfc, 0x0, 0x9f,
    0xff, 0xff, 0xff, 0xff, 0x0, 0x6f, 0xff, 0xff,
    0xfb, 0x0, 0xbf, 0xff, 0xff, 0xf1, 0x2, 0xff,
    0xff, 0xff, 0xff, 0x70, 0xa, 0xff, 0xff, 0xff,
    0x20, 0x1, 0xef, 0xff, 0xff, 0x80, 0x4, 0xff,
    0xff, 0xff, 0xa0, 0x2, 0xff, 0xff, 0xff, 0x50,
    0x0, 0x2, 0xef, 0xff, 0xff, 0x30, 0x2, 0x9d,
    0xec, 0x50, 0x0, 0xcf, 0xff, 0xff, 0x80, 0x0,
    0x0, 0x3, 0xef, 0xff, 0xfe, 0x30, 0x0, 0x0,
    0x0, 0x0, 0xbf, 0xff, 0xff, 0x80, 0x0, 0x0,
    0x0, 0x1, 0xcf, 0xff, 0xff, 0x70, 0x0, 0x0,
    0x4, 0xdf, 0xff, 0xff, 0x50, 0x0, 0x0, 0x0,
    0x0, 0x0, 0x7f, 0xff, 0xff, 0xfb, 0x98, 0xae,
    0xff, 0xff, 0xfb, 0x20, 0x0, 0x0, 0x0, 0x0,
    0x0, 0x0, 0x18, 0xff, 0xff, 0xff, 0xff, 0xff,
    0xff, 0xb4, 0x0, 0x0, 0x0, 0x0, 0x0, 0x0,
    0x0, 0x0, 0x0, 0x49, 0xce, 0xff, 0xed, 0xa6,
    0x10, 0x0, 0x0, 0x0, 0x0, 0x0,

    /* U+F070 "" */
    0x5, 0x30, 0x0, 0x0, 0x0, 0x0, 0x0, 0x0,
    0x0, 0x0, 0x0, 0x0, 0x0, 0x0, 0x0, 0x0,
    0x0, 0x5f, 0xf7, 0x0, 0x0, 0x0, 0x0, 0x0,
    0x0, 0x0, 0x0, 0x0, 0x0, 0x0, 0x0, 0x0,
    0x0, 0x0, 0xef, 0xff, 0xb1, 0x0, 0x0, 0x0,
    0x0, 0x0, 0x0, 0x0, 0x0, 0x0, 0x0, 0x0,
    0x0, 0x0, 0x0, 0x6f, 0xff, 0xfd, 0x30, 0x0,
    0x0, 0x0, 0x0, 0x11, 0x0, 0x0, 0x0, 0x0,
    0x0, 0x0, 0x0, 0x0, 0x3, 0xef, 0xff, 0xf6,
    0x0, 0x2, 0x6a, 0xef, 0xff, 0xfe, 0xb7, 0x20,
    0x0, 0x0, 0x0, 0x0, 0x0, 0x0, 0x1c, 0xff,
    0xff, 0x95, 0xcf, 0xff, 0xff, 0xff, 0xff, 0xff,
    0xfb, 0x30, 0x0, 0x0, 0x0, 0x0, 0x0, 0x0,
    0x8f, 0xff, 0xff, 0xff, 0xff, 0xd9, 0x67, 0x9d,
    0xff, 0xff, 0xfa, 0x10, 0x0, 0x0, 0x0, 0x0,
    0x0, 0x4, 0xff, 0xff, 0xff, 0xc3, 0x0, 0x0,
    0x0, 0x5e, 0xff, 0xff, 0xe4, 0x0, 0x0, 0x0,
    0x0, 0x0, 0x0, 0x2c, 0xff, 0xff, 0x90, 0x0,
    0x12, 0x0, 0x1, 0xcf, 0xff, 0xff, 0x50, 0x0,
    0x0, 0x0, 0x0, 0x0, 0x0, 0x9f, 0xff, 0xfc,
    0x23, 0xff, 0xe6, 0x0, 0x1e, 0xff, 0xff, 0xf5,
    0x0, 0x0, 0x0, 0x6, 0x40, 0x0, 0x6, 0xff,
    0xff, 0xe5, 0xff, 0xff, 0x90, 0x5, 0xff, 0xff,
    0xff, 0x30, 0x0, 0x0, 0x3f, 0xf7, 0x0, 0x0,
    0x3d, 0xff, 0xff, 0xff, 0xff, 0xf5, 0x0, 0xef,
    0xff, 0xff, 0xd0, 0x0, 0x0, 0xcf, 0xff, 0xb1,
    0x0, 0x1, 0xbf, 0xff, 0xff, 0xff, 0xfb, 0x0,
    0xaf, 0xff, 0xff, 0xf8, 0x0, 0x3, 0xff, 0xff,
    0xfe, 0x30, 0x0, 0x7, 0xff, 0xff, 0xff, 0xfe,
    0x0, 0x9f, 0xff, 0xff, 0xff, 0x0, 0x2, 0xff,
    0xff, 0xff, 0xf4, 0x0, 0x0, 0x3e, 0xff, 0xff,
    0xfe, 0x0, 0x9f, 0xff, 0xff, 0xfe, 0x0, 0x0,
    0xaf, 0xff, 0xff, 0xf8, 0x0, 0x0, 0x1, 0xcf,
    0xff, 0xfd, 0x0, 0xbf, 0xff, 0xff, 0xf6, 0x0,
    0x0, 0x1e, 0xff, 0xff, 0xfc, 0x0, 0x0, 0x0,
    0x8, 0xff, 0xff, 0xd4, 0xff, 0xff, 0xff, 0xb0,
    0x0, 0x0, 0x4, 0xff, 0xff, 0xff, 0x40, 0x0,
    0x0, 0x0, 0x5f, 0xff, 0xff, 0xff, 0xff, 0xfe,
    0x10, 0x0, 0x0, 0x0, 0x7f, 0xff, 0xff, 0xd1,
    0x0, 0x0, 0x0, 0x2, 0xdf, 0xff, 0xff, 0xff,
    0xf2, 0x0, 0x0, 0x0, 0x0, 0x6, 0xff, 0xff,
    0xfc, 0x10, 0x0, 0x0, 0x0, 0x9, 0xff, 0xff,
    0xfe, 0x30, 0x0, 0x0, 0x0, 0x0, 0x0, 0x5e,
    0xff, 0xff, 0xe5, 0x0, 0x0, 0x0, 0x0, 0x6f,
    0xff, 0xfe, 0x40, 0x0, 0x0, 0x0, 0x0, 0x0,
    0x1, 0xbf, 0xff, 0xff, 0xeb, 0x99, 0x70, 0x0,
    0x3, 0xdf, 0xff, 0xf7, 0x0, 0x0, 0x0, 0x0,
    0x0, 0x0, 0x3, 0xbf, 0xff, 0xff, 0xff, 0xfb,
    0x0, 0x0, 0x1b, 0xff, 0xff, 0xb1, 0x0, 0x0,
    0x0, 0x0, 0x0, 0x0, 0x1, 0x6a, 0xde, 0xff,
    0xec, 0x60, 0x0, 0x0, 0x7f, 0xff, 0xfe, 0x30,
    0x0, 0x0, 0x0, 0x0, 0x0, 0x0, 0x0, 0x0,
    0x0, 0x0, 0x0, 0x0, 0x0, 0x4, 0xef, 0xff,
    0xf5, 0x0, 0x0, 0x0, 0x0, 0x0, 0x0, 0x0,
    0x0, 0x0, 0x0, 0x0, 0x0, 0x0, 0x0, 0x1c,
    0xff, 0xfa, 0x0, 0x0, 0x0, 0x0, 0x0, 0x0,
    0x0, 0x0, 0x0, 0x0, 0x0, 0x0, 0x0, 0x0,
    0x0, 0x8f, 0xe1, 0x0, 0x0, 0x0, 0x0, 0x0,
    0x0, 0x0, 0x0, 0x0, 0x0, 0x0, 0x0, 0x0,
    0x0, 0x0, 0x3, 0x20,

    /* U+F071 "" */
    0x0, 0x0, 0x0, 0x0, 0x0, 0x0, 0x0, 0x4,
    0x51, 0x0, 0x0, 0x0, 0x0, 0x0, 0x0, 0x0,
    0x0, 0x0, 0x0, 0x0, 0x0, 0x0, 0x0, 0xbf,
    0xff, 0x20, 0x0, 0x0, 0x0, 0x0, 0x0, 0x0,
    0x0, 0x0, 0x0, 0x0, 0x0, 0x0, 0x6, 0xff,
    0xff, 0xc0, 0x0, 0x0, 0x0, 0x0, 0x0, 0x0,
    0x0, 0x0, 0x0, 0x0, 0x0, 0x0, 0x1e, 0xff,
    0xff, 0xf5, 0x0, 0x0, 0x0, 0x0, 0x0, 0x0,
    0x0, 0x0, 0x0, 0x0, 0x0, 0x0, 0x9f, 0xff,
    0xff, 0xfe, 0x0, 0x0, 0x0, 0x0, 0x0, 0x0,
    0x0, 0x0, 0x0, 0x0, 0x0, 0x2, 0xff, 0xff,
    0xff, 0xff, 0x80, 0x0, 0x0, 0x0, 0x0, 0x0,
    0x0, 0x0, 0x0, 0x0, 0x0, 0xb, 0xff, 0xff,
    0xff, 0xff, 0xf2, 0x0, 0x0, 0x0, 0x0, 0x0,
    0x0, 0x0, 0x0, 0x0, 0x0, 0x5f, 0xff, 0xff,
    0xff, 0xff, 0xfb, 0x0, 0x0, 0x0, 0x0, 0x0,
    0x0, 0x0, 0x0, 0x0, 0x0, 0xdf, 0xff, 0xff,
    0xff, 0xff, 0xff, 0x40, 0x0, 0x0, 0x0, 0x0,
    0x0, 0x0, 0x0, 0x0, 0x7, 0xff, 0xff, 0xee,
    0xee, 0xff, 0xff, 0xd0, 0x0, 0x0, 0x0, 0x0,
    0x0, 0x0, 0x0, 0x0, 0x1f, 0xff, 0xfe, 0x0,
    0x0, 0x8f, 0xff, 0xf7, 0x0, 0x0, 0x0, 0x0,
    0x0, 0x0, 0x0, 0x0, 0xaf, 0xff, 0xfe, 0x0,
    0x0, 0x8f, 0xff, 0xfe, 0x10, 0x0, 0x0, 0x0,
    0x0, 0x0, 0x0, 0x3, 0xff, 0xff, 0xff, 0x0,
    0x0, 0x9f, 0xff, 0xff, 0x90, 0x0, 0x0, 0x0,
    0x0, 0x0, 0x0, 0xc, 0xff, 0xff, 0xff, 0x0,
    0x0, 0xaf, 0xff, 0xff, 0xf3, 0x0, 0x0, 0x0,
    0x0, 0x0, 0x0, 0x6f, 0xff, 0xff, 0xff, 0x10,
    0x0, 0xbf, 0xff, 0xff, 0xfc, 0x0, 0x0, 0x0,
    0x0, 0x0, 0x0, 0xef, 0xff, 0xff, 0xff, 0x20,
    0x0, 0xcf, 0xff, 0xff, 0xff, 0x50, 0x0, 0x0,
    0x0, 0x0, 0x8, 0xff, 0xff, 0xff, 0xff, 0x30,
    0x0, 0xdf, 0xff, 0xff, 0xff, 0xe0, 0x0, 0x0,
    0x0, 0x0, 0x2f, 0xff, 0xff, 0xff, 0xff, 0x50,
    0x0, 0xef, 0xff, 0xff, 0xff, 0xf8, 0x0, 0x0,
    0x0, 0x0, 0xbf, 0xff, 0xff, 0xff, 0xff, 0xff,
    0xff, 0xff, 0xff, 0xff, 0xff, 0xff, 0x20, 0x0,
    0x0, 0x4, 0xff, 0xff, 0xff, 0xff, 0xff, 0xb2,
    0x17, 0xff, 0xff, 0xff, 0xff, 0xff, 0xa0, 0x0,
    0x0, 0xd, 0xff, 0xff, 0xff, 0xff, 0xff, 0x0,
    0x0, 0xaf, 0xff, 0xff, 0xff, 0xff, 0xf4, 0x0,
    0x0, 0x7f, 0xff, 0xff, 0xff, 0xff, 0xfd, 0x0,
    0x0, 0x7f, 0xff, 0xff, 0xff, 0xff, 0xfd, 0x0,
    0x1, 0xff, 0xff, 0xff, 0xff, 0xff, 0xff, 0x10,
    0x0, 0xbf, 0xff, 0xff, 0xff, 0xff, 0xff, 0x60,
    0x9, 0xff, 0xff, 0xff, 0xff, 0xff, 0xff, 0xc4,
    0x39, 0xff, 0xff, 0xff, 0xff, 0xff, 0xff, 0xe0,
    0xf, 0xff, 0xff, 0xff, 0xff, 0xff, 0xff, 0xff,
    0xff, 0xff, 0xff, 0xff, 0xff, 0xff, 0xff, 0xf5,
    0xe, 0xff, 0xff, 0xff, 0xff, 0xff, 0xff, 0xff,
    0xff, 0xff, 0xff, 0xff, 0xff, 0xff, 0xff, 0xf4,
    0x5, 0xff, 0xff, 0xff, 0xff, 0xff, 0xff, 0xff,
    0xff, 0xff, 0xff, 0xff, 0xff, 0xff, 0xff, 0xb0,
    0x0, 0x25, 0x55, 0x55, 0x55, 0x55, 0x55, 0x55,
    0x55, 0x55, 0x55, 0x55, 0x55, 0x55, 0x54, 0x0,

    /* U+F074 "" */
    0x0, 0x0, 0x0, 0x0, 0x0, 0x0, 0x0, 0x0,
    0x0, 0x0, 0x3a, 0x30, 0x0, 0x0, 0x0, 0x0,
    0x0, 0x0, 0x0, 0x0, 0x0, 0x0, 0x0, 0xb,
    0xff, 0x40, 0x0, 0x0, 0x0, 0x0, 0x0, 0x0,
    0x0, 0x0, 0x0, 0x0, 0x0, 0xcf, 0xff, 0x40,
    0x4, 0x55, 0x55, 0x54, 0x0, 0x0, 0x0, 0x0,
    0x1, 0x55, 0x5d, 0xff, 0xff, 0x40, 0xff, 0xff,
    0xff, 0xf8, 0x0, 0x0, 0x0, 0x1, 0xdf, 0xff,
    0xff, 0xff, 0xff, 0x4f, 0xff, 0xff, 0xff, 0xf7,
    0x0, 0x0, 0x1, 0xdf, 0xff, 0xff, 0xff, 0xff,
    0xfe, 0xff, 0xff, 0xff, 0xff, 0xf6, 0x0, 0x0,
    0xcf, 0xff, 0xff, 0xff, 0xff, 0xff, 0xbc, 0xee,
    0xee, 0xff, 0xff, 0xf5, 0x0, 0xcf, 0xff, 0xff,
    0xef, 0xff, 0xff, 0xb0, 0x0, 0x0, 0x5, 0xff,
    0xfe, 0x20, 0xbf, 0xff, 0xfd, 0x10, 0xcf, 0xff,
    0xb0, 0x0, 0x0, 0x0, 0x6, 0xfe, 0x20, 0xaf,
    0xff, 0xfe, 0x20, 0xb, 0xff, 0xb0, 0x0, 0x0,
    0x0, 0x0, 0x6, 0x30, 0xaf, 0xff, 0xfe, 0x20,
    0x0, 0x8f, 0xb0, 0x0, 0x0, 0x0, 0x0, 0x0,
    0x0, 0x9f, 0xff, 0xfe, 0x20, 0x0, 0x0, 0x20,
    0x0, 0x0, 0x0, 0x0, 0x0, 0x0, 0x8f, 0xff,
    0xff, 0x30, 0x0, 0x0, 0x4, 0x0, 0x0, 0x0,
    0x0, 0x0, 0x0, 0x8f, 0xff, 0xff, 0x30, 0x82,
    0x0, 0x9, 0xfc, 0x10, 0x0, 0x0, 0x0, 0x0,
    0x7f, 0xff, 0xff, 0x40, 0x8f, 0xe2, 0x0, 0xcf,
    0xfc, 0x10, 0x0, 0x0, 0x0, 0x6f, 0xff, 0xff,
    0x50, 0x7f, 0xff, 0xe2, 0xc, 0xff, 0xfc, 0x10,
    0xdf, 0xff, 0xff, 0xff, 0xff, 0x50, 0xa, 0xff,
    0xff, 0xff, 0xff, 0xff, 0xfc, 0x1f, 0xff, 0xff,
    0xff, 0xff, 0x60, 0x0, 0xb, 0xff, 0xff, 0xff,
    0xff, 0xff, 0xfc, 0xff, 0xff, 0xff, 0xff, 0x70,
    0x0, 0x0, 0xb, 0xff, 0xff, 0xff, 0xff, 0xff,
    0xef, 0xff, 0xff, 0xff, 0x70, 0x0, 0x0, 0x0,
    0xc, 0xff, 0xff, 0xff, 0xff, 0xf3, 0x24, 0x44,
    0x44, 0x30, 0x0, 0x0, 0x0, 0x0, 0x4, 0x44,
    0xdf, 0xff, 0xf3, 0x0, 0x0, 0x0, 0x0, 0x0,
    0x0, 0x0, 0x0, 0x0, 0x0, 0xc, 0xff, 0xf3,
    0x0, 0x0, 0x0, 0x0, 0x0, 0x0, 0x0, 0x0,
    0x0, 0x0, 0x0, 0xbf, 0xf3, 0x0, 0x0, 0x0,
    0x0, 0x0, 0x0, 0x0, 0x0, 0x0, 0x0, 0x0,
    0x2, 0x93, 0x0, 0x0,

    /* U+F077 "" */
    0x0, 0x0, 0x0, 0x0, 0x0, 0x1, 0x0, 0x0,
    0x0, 0x0, 0x0, 0x0, 0x0, 0x0, 0x0, 0x0,
    0x0, 0x6f, 0xc0, 0x0, 0x0, 0x0, 0x0, 0x0,
    0x0, 0x0, 0x0, 0x0, 0x6, 0xff, 0xfc, 0x0,
    0x0, 0x0, 0x0, 0x0, 0x0, 0x0, 0x0, 0x0,
    0x6f, 0xff, 0xff, 0xc0, 0x0, 0x0, 0x0, 0x0,
    0x0, 0x0, 0x0, 0x6, 0xff, 0xff, 0xff, 0xfc,
    0x0, 0x0, 0x0, 0x0, 0x0, 0x0, 0x0, 0x6f,
    0xff, 0xff, 0xff, 0xff, 0xc0, 0x0, 0x0, 0x0,
    0x0, 0x0, 0x6, 0xff, 0xff, 0xfa, 0xef, 0xff,
    0xfc, 0x0, 0x0, 0x0, 0x0, 0x0, 0x6f, 0xff,
    0xff, 0x90, 0x2e, 0xff, 0xff, 0xc0, 0x0, 0x0,
    0x0, 0x6, 0xff, 0xff, 0xf9, 0x0, 0x2, 0xef,
    0xff, 0xfc, 0x0, 0x0, 0x0, 0x6f, 0xff, 0xff,
    0x90, 0x0, 0x0, 0x2e, 0xff, 0xff, 0xc0, 0x0,
    0x6, 0xff, 0xff, 0xf9, 0x0, 0x0, 0x0, 0x2,
    0xef, 0xff, 0xfc, 0x0, 0x5f, 0xff, 0xff, 0x90,
    0x0, 0x0, 0x0, 0x0, 0x2e, 0xff, 0xff, 0xc0,
    0xbf, 0xff, 0xf9, 0x0, 0x0, 0x0, 0x0, 0x0,
    0x2, 0xef, 0xff, 0xf2, 0x3f, 0xff, 0x90, 0x0,
    0x0, 0x0, 0x0, 0x0, 0x0, 0x2e, 0xff, 0xa0,
    0x3, 0xc8, 0x0, 0x0, 0x0, 0x0, 0x0, 0x0,
    0x0, 0x2, 0xc9, 0x0,

    /* U+F078 "" */
    0x0, 0x0, 0x0, 0x0, 0x0, 0x0, 0x0, 0x0,
    0x0, 0x0, 0x0, 0x0, 0x7, 0xfc, 0x0, 0x0,
    0x0, 0x0, 0x0, 0x0, 0x0, 0x5, 0xfd, 0x10,
    0x6f, 0xff, 0xc0, 0x0, 0x0, 0x0, 0x0, 0x0,
    0x0, 0x5f, 0xff, 0xd0, 0xbf, 0xff, 0xfc, 0x0,
    0x0, 0x0, 0x0, 0x0, 0x5, 0xff, 0xff, 0xf2,
    0x2e, 0xff, 0xff, 0xc0, 0x0, 0x0, 0x0, 0x0,
    0x5f, 0xff, 0xff, 0x90, 0x3, 0xef, 0xff, 0xfc,
    0x0, 0x0, 0x0, 0x5, 0xff, 0xff, 0xf9, 0x0,
    0x0, 0x3e, 0xff, 0xff, 0xc0, 0x0, 0x0, 0x5f,
    0xff, 0xff, 0x90, 0x0, 0x0, 0x3, 0xef, 0xff,
    0xfc, 0x0, 0x5, 0xff, 0xff, 0xf9, 0x0, 0x0,
    0x0, 0x0, 0x3e, 0xff, 0xff, 0xc0, 0x5f, 0xff,
    0xff, 0x90, 0x0, 0x0, 0x0, 0x0, 0x3, 0xef,
    0xff, 0xfd, 0xff, 0xff, 0xf9, 0x0, 0x0, 0x0,
    0x0, 0x0, 0x0, 0x3e, 0xff, 0xff, 0xff, 0xff,
    0x90, 0x0, 0x0, 0x0, 0x0, 0x0, 0x0, 0x3,
    0xef, 0xff, 0xff, 0xf9, 0x0, 0x0, 0x0, 0x0,
    0x0, 0x0, 0x0, 0x0, 0x3e, 0xff, 0xff, 0x90,
    0x0, 0x0, 0x0, 0x0, 0x0, 0x0, 0x0, 0x0,
    0x3, 0xef, 0xf9, 0x0, 0x0, 0x0, 0x0, 0x0,
    0x0, 0x0, 0x0, 0x0, 0x0, 0x3c, 0x80, 0x0,
    0x0, 0x0, 0x0, 0x0,

    /* U+F079 "" */
    0x0, 0x0, 0x0, 0x31, 0x0, 0x0, 0x0, 0x0,
    0x0, 0x0, 0x0, 0x0, 0x0, 0x0, 0x0, 0x0,
    0x0, 0x0, 0x0, 0x8, 0xfe, 0x20, 0x0, 0x0,
    0x0, 0x0, 0x0, 0x0, 0x0, 0x0, 0x0, 0x0,
    0x0, 0x0, 0x0, 0x0, 0x8f, 0xff, 0xe2, 0x0,
    0x1, 0x66, 0x66, 0x66, 0x66, 0x66, 0x66, 0x65,
    0x0, 0x0, 0x0, 0x0, 0x9, 0xff, 0xff, 0xfe,
    0x20, 0xc, 0xff, 0xff, 0xff, 0xff, 0xff, 0xff,
    0xff, 0x50, 0x0, 0x0, 0x0, 0x9f, 0xff, 0xff,
    0xff, 0xe2, 0xa, 0xff, 0xff, 0xff, 0xff, 0xff,
    0xff, 0xff, 0x70, 0x0, 0x0, 0x9, 0xff, 0xff,
    0xff, 0xff, 0xfe, 0x20, 0xaf, 0xff, 0xff, 0xff,
    0xff, 0xff, 0xff, 0x70, 0x0, 0x0, 0x8f, 0xff,
    0xef, 0xff, 0xdf, 0xff, 0xe1, 0x0, 0x0, 0x0,
    0x0, 0x0, 0xe, 0xff, 0x70, 0x0, 0x0, 0xcf,
    0xfe, 0x2f, 0xff, 0x79, 0xff, 0xf4, 0x0, 0x0,
    0x0, 0x0, 0x0, 0xe, 0xff, 0x70, 0x0, 0x0,
    0x2e, 0xe3, 0xf, 0xff, 0x70, 0xaf, 0x90, 0x0,
    0x0, 0x0, 0x0, 0x0, 0xe, 0xff, 0x70, 0x0,
    0x0, 0x0, 0x0, 0xf, 0xff, 0x70, 0x0, 0x0,
    0x0, 0x0, 0x0, 0x0, 0x0, 0xe, 0xff, 0x70,
    0x0, 0x0, 0x0, 0x0, 0xf, 0xff, 0x70, 0x0,
    0x0, 0x0, 0x0, 0x0, 0x0, 0x0, 0xe, 0xff,
    0x70, 0x0, 0x0, 0x0, 0x0, 0xf, 0xff, 0x70,
    0x0, 0x0, 0x0, 0x0, 0x0, 0x0, 0x0, 0xe,
    0xff, 0x70, 0x0, 0x0, 0x0, 0x0, 0xf, 0xff,
    0x70, 0x0, 0x0, 0x0, 0x0, 0x0, 0x1, 0x10,
    0xe, 0xff, 0x70, 0x2, 0x0, 0x0, 0x0, 0xf,
    0xff, 0x70, 0x0, 0x0, 0x0, 0x0, 0x0, 0x3f,
    0xf4, 0xe, 0xff, 0x70, 0xbf, 0xb0, 0x0, 0x0,
    0xf, 0xff, 0x70, 0x0, 0x0, 0x0, 0x0, 0x0,
    0xcf, 0xff, 0x4e, 0xff, 0x7a, 0xff, 0xf5, 0x0,
    0x0, 0xf, 0xff, 0x71, 0x11, 0x11, 0x11, 0x11,
    0x0, 0x6f, 0xff, 0xff, 0xff, 0xef, 0xff, 0xe1,
    0x0, 0x0, 0xf, 0xff, 0xff, 0xff, 0xff, 0xff,
    0xff, 0xf6, 0x7, 0xff, 0xff, 0xff, 0xff, 0xfe,
    0x20, 0x0, 0x0, 0xf, 0xff, 0xff, 0xff, 0xff,
    0xff, 0xff, 0xff, 0x40, 0x7f, 0xff, 0xff, 0xff,
    0xe2, 0x0, 0x0, 0x0, 0xc, 0xff, 0xff, 0xff,
    0xff, 0xff, 0xff, 0xff, 0x40, 0x7, 0xff, 0xff,
    0xfd, 0x10, 0x0, 0x0, 0x0, 0x1, 0x45, 0x55,
    0x55, 0x55, 0x55, 0x55, 0x53, 0x0, 0x0, 0x6f,
    0xff, 0xd1, 0x0, 0x0, 0x0, 0x0, 0x0, 0x0,
    0x0, 0x0, 0x0, 0x0, 0x0, 0x0, 0x0, 0x0,
    0x6, 0xfd, 0x10, 0x0, 0x0, 0x0, 0x0, 0x0,
    0x0, 0x0, 0x0, 0x0, 0x0, 0x0, 0x0, 0x0,
    0x0, 0x0, 0x10, 0x0, 0x0, 0x0,

    /* U+F07B "" */
    0x0, 0x34, 0x44, 0x44, 0x44, 0x30, 0x0, 0x0,
    0x0, 0x0, 0x0, 0x0, 0x0, 0x4, 0xef, 0xff,
    0xff, 0xff, 0xff, 0xb0, 0x0, 0x0, 0x0, 0x0,
    0x0, 0x0, 0x0, 0xdf, 0xff, 0xff, 0xff, 0xff,
    0xff, 0xb0, 0x0, 0x0, 0x0, 0x0, 0x0, 0x0,
    0xf, 0xff, 0xff, 0xff, 0xff, 0xff, 0xff, 0xb0,
    0x0, 0x0, 0x0, 0x0, 0x0, 0x0, 0xff, 0xff,
    0xff, 0xff, 0xff, 0xff, 0xff, 0xee, 0xee, 0xee,
    0xee, 0xee, 0xd9, 0x1f, 0xff, 0xff, 0xff, 0xff,
    0xff, 0xff, 0xff, 0xff, 0xff, 0xff, 0xff, 0xff,
    0xfa, 0xff, 0xff, 0xff, 0xff, 0xff, 0xff, 0xff,
    0xff, 0xff, 0xff, 0xff, 0xff, 0xff, 0xff, 0xff,
    0xff, 0xff, 0xff, 0xff, 0xff, 0xff, 0xff, 0xff,
    0xff, 0xff, 0xff, 0xff, 0xff, 0xff, 0xff, 0xff,
    0xff, 0xff, 0xff, 0xff, 0xff, 0xff, 0xff, 0xff,
    0xff, 0xff, 0xff, 0xff, 0xff, 0xff, 0xff, 0xff,
    0xff, 0xff, 0xff, 0xff, 0xff, 0xff, 0xff, 0xff,
    0xff, 0xff, 0xff, 0xff, 0xff, 0xff, 0xff, 0xff,
    0xff, 0xff, 0xff, 0xff, 0xff, 0xff, 0xff, 0xff,
    0xff, 0xff, 0xff, 0xff, 0xff, 0xff, 0xff, 0xff,
    0xff, 0xff, 0xff, 0xff, 0xff, 0xff, 0xff, 0xff,
    0xff, 0xff, 0xff, 0xff, 0xff, 0xff, 0xff, 0xff,
    0xff, 0xff, 0xff, 0xff, 0xff, 0xff, 0xff, 0xff,
    0xff, 0xff, 0xff, 0xff, 0xff, 0xff, 0xff, 0xff,
    0xff, 0xff, 0xff, 0xff, 0xff, 0xff, 0xff, 0xff,
    0xff, 0xff, 0xff, 0xff, 0xff, 0xff, 0xff, 0xff,
    0xff, 0xff, 0xff, 0xff, 0xff, 0xff, 0xff, 0xff,
    0xff, 0xff, 0xff, 0xff, 0xff, 0xff, 0xff, 0xff,
    0xff, 0xff, 0xff, 0xff, 0xff, 0xff, 0xff, 0xff,
    0xff, 0xff, 0xff, 0xff, 0xff, 0xff, 0xff, 0xff,
    0xff, 0xff, 0xff, 0xff, 0xff, 0xff, 0xff, 0xff,
    0xff, 0xff, 0xff, 0xff, 0xff, 0xff, 0xff, 0xff,
    0xfb, 0xff, 0xff, 0xff, 0xff, 0xff, 0xff, 0xff,
    0xff, 0xff, 0xff, 0xff, 0xff, 0xfb, 0x1b, 0xff,
    0xff, 0xff, 0xff, 0xff, 0xff, 0xff, 0xff, 0xff,
    0xff, 0xff, 0xfb, 0x10,

    /* U+F093 "" */
    0x0, 0x0, 0x0, 0x0, 0x0, 0x0, 0x28, 0x10,
    0x0, 0x0, 0x0, 0x0, 0x0, 0x0, 0x0, 0x0,
    0x0, 0x0, 0x0, 0x2e, 0xfd, 0x10, 0x0, 0x0,
    0x0, 0x0, 0x0, 0x0, 0x0, 0x0, 0x0, 0x0,
    0x2e, 0xff, 0xfd, 0x10, 0x0, 0x0, 0x0, 0x0,
    0x0, 0x0, 0x0, 0x0, 0x0, 0x2e, 0xff, 0xff,
    0xfd, 0x10, 0x0, 0x0, 0x0, 0x0, 0x0, 0x0,
    0x0, 0x0, 0x2e, 0xff, 0xff, 0xff, 0xfd, 0x10,
    0x0, 0x0, 0x0, 0x0, 0x0, 0x0, 0x0, 0x2e,
    0xff, 0xff, 0xff, 0xff, 0xfd, 0x10, 0x0, 0x0,
    0x0, 0x0, 0x0, 0x0, 0x2e, 0xff, 0xff, 0xff,
    0xff, 0xff, 0xfd, 0x10, 0x0, 0x0, 0x0, 0x0,
    0x0, 0x2e, 0xff, 0xff, 0xff, 0xff, 0xff, 0xff,
    0xfd, 0x10, 0x0, 0x0, 0x0, 0x0, 0x2e, 0xff,
    0xff, 0xff, 0xff, 0xff, 0xff, 0xff, 0xfd, 0x10,
    0x0, 0x0, 0x0, 0x8, 0xff, 0xff, 0xff, 0xff,
    0xff, 0xff, 0xff, 0xff, 0xf7, 0x0, 0x0, 0x0,
    0x0, 0x17, 0x88, 0x88, 0xff, 0xff, 0xff, 0xe8,
    0x88, 0x87, 0x10, 0x0, 0x0, 0x0, 0x0, 0x0,
    0x0, 0xe, 0xff, 0xff, 0xfd, 0x0, 0x0, 0x0,
    0x0, 0x0, 0x0, 0x0, 0x0, 0x0, 0x0, 0xef,
    0xff, 0xff, 0xd0, 0x0, 0x0, 0x0, 0x0, 0x0,
    0x0, 0x0, 0x0, 0x0, 0xe, 0xff, 0xff, 0xfd,
    0x0, 0x0, 0x0, 0x0, 0x0, 0x0, 0x0, 0x0,
    0x0, 0x0, 0xef, 0xff, 0xff, 0xd0, 0x0, 0x0,
    0x0, 0x0, 0x0, 0x0, 0x0, 0x0, 0x0, 0xe,
    0xff, 0xff, 0xfd, 0x0, 0x0, 0x0, 0x0, 0x0,
    0x0, 0x0, 0x0, 0x0, 0x0, 0xef, 0xff, 0xff,
    0xd0, 0x0, 0x0, 0x0, 0x0, 0x0, 0x0, 0x0,
    0x0, 0x0, 0xe, 0xff, 0xff, 0xfd, 0x0, 0x0,
    0x0, 0x0, 0x0, 0x0, 0x0, 0x0, 0x0, 0x0,
    0xef, 0xff, 0xff, 0xd0, 0x0, 0x0, 0x0, 0x0,
    0xb, 0xff, 0xff, 0xff, 0xf7, 0xe, 0xff, 0xff,
    0xfc, 0x7, 0xff, 0xff, 0xff, 0xfa, 0xff, 0xff,
    0xff, 0xff, 0xb0, 0x49, 0xaa, 0xa9, 0x30, 0xbf,
    0xff, 0xff, 0xff, 0xff, 0xff, 0xff, 0xff, 0xff,
    0x70, 0x0, 0x0, 0x0, 0x7f, 0xff, 0xff, 0xff,
    0xff, 0xff, 0xff, 0xff, 0xff, 0xff, 0xdb, 0xbb,
    0xbb, 0xdf, 0xff, 0xff, 0xff, 0xff, 0xff, 0xff,
    0xff, 0xff, 0xff, 0xff, 0xff, 0xff, 0xff, 0xff,
    0xdf, 0xfe, 0xff, 0xff, 0xff, 0xff, 0xff, 0xff,
    0xff, 0xff, 0xff, 0xff, 0xff, 0x70, 0xad, 0x4,
    0xff, 0xff, 0xff, 0xff, 0xff, 0xff, 0xff, 0xff,
    0xff, 0xff, 0xfa, 0x2c, 0xe3, 0x7f, 0xff, 0xef,
    0xff, 0xff, 0xff, 0xff, 0xff, 0xff, 0xff, 0xff,
    0xff, 0xff, 0xff, 0xff, 0xe2, 0x56, 0x66, 0x66,
    0x66, 0x66, 0x66, 0x66, 0x66, 0x66, 0x66, 0x66,
    0x66, 0x52,

    /* U+F095 "" */
    0x0, 0x0, 0x0, 0x0, 0x0, 0x0, 0x0, 0x0,
    0x0, 0x0, 0x59, 0x51, 0x0, 0x0, 0x0, 0x0,
    0x0, 0x0, 0x0, 0x0, 0x0, 0x0, 0x0, 0x1,
    0xff, 0xff, 0xea, 0x61, 0x0, 0x0, 0x0, 0x0,
    0x0, 0x0, 0x0, 0x0, 0x0, 0x8, 0xff, 0xff,
    0xff, 0xfd, 0x0, 0x0, 0x0, 0x0, 0x0, 0x0,
    0x0, 0x0, 0x0, 0xe, 0xff, 0xff, 0xff, 0xff,
    0x0, 0x0, 0x0, 0x0, 0x0, 0x0, 0x0, 0x0,
    0x0, 0x5f, 0xff, 0xff, 0xff, 0xfe, 0x0, 0x0,
    0x0, 0x0, 0x0, 0x0, 0x0, 0x0, 0x0, 0xcf,
    0xff, 0xff, 0xff, 0xfd, 0x0, 0x0, 0x0, 0x0,
    0x0, 0x0, 0x0, 0x0, 0x3, 0xff, 0xff, 0xff,
    0xff, 0xfb, 0x0, 0x0, 0x0, 0x0, 0x0, 0x0,
    0x0, 0x0, 0x8, 0xff, 0xff, 0xff, 0xff, 0xf9,
    0x0, 0x0, 0x0, 0x0, 0x0, 0x0, 0x0, 0x0,
    0x2, 0xef, 0xff, 0xff, 0xff, 0xf5, 0x0, 0x0,
    0x0, 0x0, 0x0, 0x0, 0x0, 0x0, 0x0, 0x1c,
    0xff, 0xff, 0xff, 0xf2, 0x0, 0x0, 0x0, 0x0,
    0x0, 0x0, 0x0, 0x0, 0x0, 0x0, 0xaf, 0xff,
    0xff, 0xd0, 0x0, 0x0, 0x0, 0x0, 0x0, 0x0,
    0x0, 0x0, 0x0, 0x0, 0x2f, 0xff, 0xff, 0x70,
    0x0, 0x0, 0x0, 0x0, 0x0, 0x0, 0x0, 0x0,
    0x0, 0x0, 0xbf, 0xff, 0xff, 0x10, 0x0, 0x0,
    0x0, 0x0, 0x0, 0x0, 0x0, 0x0, 0x0, 0x4,
    0xff, 0xff, 0xfa, 0x0, 0x0, 0x0, 0x0, 0x0,
    0x0, 0x0, 0x0, 0x0, 0x0, 0x1e, 0xff, 0xff,
    0xf2, 0x0, 0x0, 0x0, 0x0, 0x0, 0x0, 0x0,
    0x0, 0x0, 0x0, 0xcf, 0xff, 0xff, 0x80, 0x0,
    0x0, 0x0, 0x0, 0x0, 0x10, 0x0, 0x0, 0x0,
    0xa, 0xff, 0xff, 0xfd, 0x0, 0x0, 0x0, 0x0,
    0x2, 0x8e, 0xf5, 0x0, 0x0, 0x0, 0xbf, 0xff,
    0xff, 0xf3, 0x0, 0x0, 0x0, 0x4, 0xbf, 0xff,
    0xff, 0x30, 0x0, 0x2d, 0xff, 0xff, 0xff, 0x60,
    0x0, 0x0, 0x5, 0xdf, 0xff, 0xff, 0xff, 0xe1,
    0x8, 0xff, 0xff, 0xff, 0xf7, 0x0, 0x0, 0x0,
    0xf, 0xff, 0xff, 0xff, 0xff, 0xfd, 0xef, 0xff,
    0xff, 0xff, 0x80, 0x0, 0x0, 0x0, 0xd, 0xff,
    0xff, 0xff, 0xff, 0xff, 0xff, 0xff, 0xff, 0xf6,
    0x0, 0x0, 0x0, 0x0, 0x9, 0xff, 0xff, 0xff,
    0xff, 0xff, 0xff, 0xff, 0xfe, 0x40, 0x0, 0x0,
    0x0, 0x0, 0x5, 0xff, 0xff, 0xff, 0xff, 0xff,
    0xff, 0xff, 0xa1, 0x0, 0x0, 0x0, 0x0, 0x0,
    0x1, 0xff, 0xff, 0xff, 0xff, 0xff, 0xff, 0xd4,
    0x0, 0x0, 0x0, 0x0, 0x0, 0x0, 0x0, 0xef,
    0xff, 0xff, 0xff, 0xff, 0xb4, 0x0, 0x0, 0x0,
    0x0, 0x0, 0x0, 0x0, 0x0, 0x9f, 0xff, 0xff,
    0xea, 0x61, 0x0, 0x0, 0x0, 0x0, 0x0, 0x0,
    0x0, 0x0, 0x0, 0x5, 0x54, 0x30, 0x0, 0x0,
    0x0, 0x0, 0x0, 0x0, 0x0, 0x0, 0x0, 0x0,

    /* U+F0C4 "" */
    0x0, 0x3a, 0xee, 0xb4, 0x0, 0x0, 0x0, 0x0,
    0x0, 0x0, 0x10, 0x0, 0x7, 0xff, 0xff, 0xff,
    0x80, 0x0, 0x0, 0x0, 0x2, 0xbf, 0xfe, 0x70,
    0x4f, 0xff, 0xff, 0xff, 0xf5, 0x0, 0x0, 0x0,
    0x2e, 0xff, 0xff, 0xf7, 0xbf, 0xff, 0x98, 0xff,
    0xfd, 0x0, 0x0, 0x2, 0xef, 0xff, 0xff, 0xe2,
    0xff, 0xf8, 0x0, 0x6f, 0xff, 0x10, 0x0, 0x3e,
    0xff, 0xff, 0xfe, 0x20, 0xff, 0xf7, 0x0, 0x5f,
    0xff, 0x10, 0x3, 0xef, 0xff, 0xff, 0xe2, 0x0,
    0xcf, 0xfe, 0x54, 0xdf, 0xfe, 0x0, 0x3e, 0xff,
    0xff, 0xfe, 0x20, 0x0, 0x6f, 0xff, 0xff, 0xff,
    0xff, 0x43, 0xef, 0xff, 0xff, 0xe2, 0x0, 0x0,
    0xb, 0xff, 0xff, 0xff, 0xff, 0xff, 0xff, 0xff,
    0xfe, 0x20, 0x0, 0x0, 0x0, 0x7e, 0xff, 0xff,
    0xff, 0xff, 0xff, 0xff, 0xe2, 0x0, 0x0, 0x0,
    0x0, 0x0, 0x23, 0xdf, 0xff, 0xff, 0xff, 0xfe,
    0x30, 0x0, 0x0, 0x0, 0x0, 0x0, 0x0, 0x1d,
    0xff, 0xff, 0xff, 0xe3, 0x0, 0x0, 0x0, 0x0,
    0x0, 0x0, 0x0, 0x3e, 0xff, 0xff, 0xff, 0xf3,
    0x0, 0x0, 0x0, 0x0, 0x0, 0x2, 0x67, 0xef,
    0xff, 0xff, 0xff, 0xff, 0x30, 0x0, 0x0, 0x0,
    0x1, 0xbf, 0xff, 0xff, 0xff, 0xff, 0xff, 0xff,
    0xf3, 0x0, 0x0, 0x0, 0xd, 0xff, 0xff, 0xff,
    0xff, 0xed, 0xff, 0xff, 0xff, 0x30, 0x0, 0x0,
    0x8f, 0xff, 0xff, 0xff, 0xfe, 0x21, 0xdf, 0xff,
    0xff, 0xf3, 0x0, 0x0, 0xdf, 0xfd, 0x11, 0xcf,
    0xff, 0x0, 0x1d, 0xff, 0xff, 0xff, 0x30, 0x0,
    0xff, 0xf6, 0x0, 0x4f, 0xff, 0x10, 0x1, 0xdf,
    0xff, 0xff, 0xf3, 0x0, 0xef, 0xf9, 0x0, 0x7f,
    0xff, 0x0, 0x0, 0x1d, 0xff, 0xff, 0xff, 0x30,
    0xaf, 0xff, 0xaa, 0xff, 0xfc, 0x0, 0x0, 0x1,
    0xdf, 0xff, 0xff, 0xe3, 0x3f, 0xff, 0xff, 0xff,
    0xf4, 0x0, 0x0, 0x0, 0x1d, 0xff, 0xff, 0xf7,
    0x5, 0xff, 0xff, 0xff, 0x70, 0x0, 0x0, 0x0,
    0x1, 0x9e, 0xfd, 0x60, 0x0, 0x29, 0xcd, 0xa3,
    0x0, 0x0, 0x0, 0x0, 0x0, 0x0, 0x0, 0x0,

    /* U+F0C5 "" */
    0x0, 0x0, 0x0, 0xa, 0xdd, 0xdd, 0xdd, 0xdd,
    0xc0, 0x2b, 0x10, 0x0, 0x0, 0x0, 0x0, 0x2f,
    0xff, 0xff, 0xff, 0xff, 0xe0, 0x3f, 0xd1, 0x0,
    0x0, 0x0, 0x0, 0x3f, 0xff, 0xff, 0xff, 0xff,
    0xe0, 0x3f, 0xfd, 0x10, 0x0, 0x0, 0x0, 0x3f,
    0xff, 0xff, 0xff, 0xff, 0xe0, 0x3f, 0xff, 0xd1,
    0x0, 0x0, 0x0, 0x3f, 0xff, 0xff, 0xff, 0xff,
    0xe0, 0x3f, 0xff, 0xfb, 0x7c, 0xcc, 0xc0, 0x3f,
    0xff, 0xff, 0xff, 0xff, 0xe0, 0x3, 0x33, 0x32,
    0xff, 0xff, 0xf1, 0x3f, 0xff, 0xff, 0xff, 0xff,
    0xf3, 0x0, 0x0, 0x0, 0xff, 0xff, 0xf1, 0x3f,
    0xff, 0xff, 0xff, 0xff, 0xff, 0xff, 0xff, 0xfc,
    0xff, 0xff, 0xf1, 0x3f, 0xff, 0xff, 0xff, 0xff,
    0xff, 0xff, 0xff, 0xfd, 0xff, 0xff, 0xf1, 0x3f,
    0xff, 0xff, 0xff, 0xff, 0xff, 0xff, 0xff, 0xfd,
    0xff, 0xff, 0xf1, 0x3f, 0xff, 0xff, 0xff, 0xff,
    0xff, 0xff, 0xff, 0xfd, 0xff, 0xff, 0xf1, 0x3f,
    0xff, 0xff, 0xff, 0xff, 0xff, 0xff, 0xff, 0xfd,
    0xff, 0xff, 0xf1, 0x3f, 0xff, 0xff, 0xff, 0xff,
    0xff, 0xff, 0xff, 0xfd, 0xff, 0xff, 0xf1, 0x3f,
    0xff, 0xff, 0xff, 0xff, 0xff, 0xff, 0xff, 0xfd,
    0xff, 0xff, 0xf1, 0x3f, 0xff, 0xff, 0xff, 0xff,
    0xff, 0xff, 0xff, 0xfd, 0xff, 0xff, 0xf1, 0x3f,
    0xff, 0xff, 0xff, 0xff, 0xff, 0xff, 0xff, 0xfd,
    0xff, 0xff, 0xf1, 0x3f, 0xff, 0xff, 0xff, 0xff,
    0xff, 0xff, 0xff, 0xfd, 0xff, 0xff, 0xf1, 0x3f,
    0xff, 0xff, 0xff, 0xff, 0xff, 0xff, 0xff, 0xfd,
    0xff, 0xff, 0xf1, 0x3f, 0xff, 0xff, 0xff, 0xff,
    0xff, 0xff, 0xff, 0xfd, 0xff, 0xff, 0xf1, 0x3f,
    0xff, 0xff, 0xff, 0xff, 0xff, 0xff, 0xff, 0xfd,
    0xff, 0xff, 0xf1, 0x3f, 0xff, 0xff, 0xff, 0xff,
    0xff, 0xff, 0xff, 0xfd, 0xff, 0xff, 0xf2, 0x1f,
    0xff, 0xff, 0xff, 0xff, 0xff, 0xff, 0xff, 0xfa,
    0xff, 0xff, 0xf8, 0x1, 0x33, 0x33, 0x33, 0x33,
    0x33, 0x33, 0x33, 0x30, 0xff, 0xff, 0xff, 0x71,
    0x0, 0x0, 0x0, 0x0, 0x0, 0x0, 0x0, 0x0,
    0xff, 0xff, 0xff, 0xff, 0xff, 0xff, 0xff, 0xff,
    0xe0, 0x0, 0x0, 0x0, 0xff, 0xff, 0xff, 0xff,
    0xff, 0xff, 0xff, 0xff, 0xe0, 0x0, 0x0, 0x0,
    0xef, 0xff, 0xff, 0xff, 0xff, 0xff, 0xff, 0xff,
    0xc0, 0x0, 0x0, 0x0, 0x25, 0x66, 0x66, 0x66,
    0x66, 0x66, 0x66, 0x65, 0x10, 0x0, 0x0, 0x0,

    /* U+F0C7 "" */
    0x1a, 0xef, 0xff, 0xff, 0xff, 0xff, 0xff, 0xff,
    0xfc, 0x30, 0x0, 0x0, 0xbf, 0xff, 0xff, 0xff,
    0xff, 0xff, 0xff, 0xff, 0xff, 0xf3, 0x0, 0x0,
    0xff, 0xff, 0xff, 0xff, 0xff, 0xff, 0xff, 0xff,
    0xff, 0xff, 0x30, 0x0, 0xff, 0xfb, 0x66, 0x66,
    0x66, 0x66, 0x66, 0x66, 0xaf, 0xff, 0xf3, 0x0,
    0xff, 0xf6, 0x0, 0x0, 0x0, 0x0, 0x0, 0x0,
    0x1f, 0xff, 0xff, 0x30, 0xff, 0xf6, 0x0, 0x0,
    0x0, 0x0, 0x0, 0x0, 0x1f, 0xff, 0xff, 0xf2,
    0xff, 0xf6, 0x0, 0x0, 0x0, 0x0, 0x0, 0x0,
    0x1f, 0xff, 0xff, 0xf8, 0xff, 0xf6, 0x0, 0x0,
    0x0, 0x0, 0x0, 0x0, 0x1f, 0xff, 0xff, 0xfa,
    0xff, 0xf6, 0x0, 0x0, 0x0, 0x0, 0x0, 0x0,
    0x1f, 0xff, 0xff, 0xfa, 0xff, 0xf7, 0x0, 0x0,
    0x0, 0x0, 0x0, 0x0, 0x2f, 0xff, 0xff, 0xfa,
    0xff, 0xff, 0xff, 0xff, 0xff, 0xff, 0xff, 0xff,
    0xff, 0xff, 0xff, 0xfa, 0xff, 0xff, 0xff, 0xff,
    0xff, 0xff, 0xff, 0xff, 0xff, 0xff, 0xff, 0xfa,
    0xff, 0xff, 0xff, 0xff, 0xff, 0xff, 0xff, 0xff,
    0xff, 0xff, 0xff, 0xfa, 0xff, 0xff, 0xff, 0xff,
    0xff, 0xb7, 0x8d, 0xff, 0xff, 0xff, 0xff, 0xfa,
    0xff, 0xff, 0xff, 0xff, 0xf7, 0x0, 0x0, 0xbf,
    0xff, 0xff, 0xff, 0xfa, 0xff, 0xff, 0xff, 0xff,
    0xc0, 0x0, 0x0, 0x1f, 0xff, 0xff, 0xff, 0xfa,
    0xff, 0xff, 0xff, 0xff, 0x80, 0x0, 0x0, 0xd,
    0xff, 0xff, 0xff, 0xfa, 0xff, 0xff, 0xff, 0xff,
    0x80, 0x0, 0x0, 0xd, 0xff, 0xff, 0xff, 0xfa,
    0xff, 0xff, 0xff, 0xff, 0xc0, 0x0, 0x0, 0x2f,
    0xff, 0xff, 0xff, 0xfa, 0xff, 0xff, 0xff, 0xff,
    0xf7, 0x0, 0x0, 0xcf, 0xff, 0xff, 0xff, 0xfa,
    0xff, 0xff, 0xff, 0xff, 0xff, 0xc8, 0x8e, 0xff,
    0xff, 0xff, 0xff, 0xfa, 0xff, 0xff, 0xff, 0xff,
    0xff, 0xff, 0xff, 0xff, 0xff, 0xff, 0xff, 0xfa,
    0xaf, 0xff, 0xff, 0xff, 0xff, 0xff, 0xff, 0xff,
    0xff, 0xff, 0xff, 0xf5, 0x1a, 0xee, 0xee, 0xee,
    0xee, 0xee, 0xee, 0xee, 0xee, 0xee, 0xed, 0x70,

    /* U+F0E7 "" */
    0x0, 0xb, 0xdd, 0xdd, 0xdd, 0xdd, 0x50, 0x0,
    0x0, 0x0, 0x5, 0xff, 0xff, 0xff, 0xff, 0xfc,
    0x0, 0x0, 0x0, 0x0, 0x7f, 0xff, 0xff, 0xff,
    0xff, 0x80, 0x0, 0x0, 0x0, 0x9, 0xff, 0xff,
    0xff, 0xff, 0xf3, 0x0, 0x0, 0x0, 0x0, 0xbf,
    0xff, 0xff, 0xff, 0xfd, 0x0, 0x0, 0x0, 0x0,
    0xe, 0xff, 0xff, 0xff, 0xff, 0x80, 0x0, 0x0,
    0x0, 0x0, 0xff, 0xff, 0xff, 0xff, 0xf3, 0x0,
    0x0, 0x0, 0x0, 0x2f, 0xff, 0xff, 0xff, 0xfe,
    0x0, 0x0, 0x0, 0x0, 0x4, 0xff, 0xff, 0xff,
    0xff, 0xc6, 0x66, 0x66, 0x61, 0x0, 0x6f, 0xff,
    0xff, 0xff, 0xff, 0xff, 0xff, 0xff, 0xc0, 0x8,
    0xff, 0xff, 0xff, 0xff, 0xff, 0xff, 0xff, 0xfa,
    0x0, 0xaf, 0xff, 0xff, 0xff, 0xff, 0xff, 0xff,
    0xff, 0x20, 0xd, 0xff, 0xff, 0xff, 0xff, 0xff,
    0xff, 0xff, 0x80, 0x0, 0xff, 0xff, 0xff, 0xff,
    0xff, 0xff, 0xff, 0xe0, 0x0, 0xd, 0xff, 0xff,
    0xff, 0xff, 0xff, 0xff, 0xf6, 0x0, 0x0, 0x15,
    0x55, 0x55, 0x5b, 0xff, 0xff, 0xfc, 0x0, 0x0,
    0x0, 0x0, 0x0, 0x0, 0xbf, 0xff, 0xff, 0x30,
    0x0, 0x0, 0x0, 0x0, 0x0, 0xf, 0xff, 0xff,
    0xa0, 0x0, 0x0, 0x0, 0x0, 0x0, 0x3, 0xff,
    0xff, 0xf1, 0x0, 0x0, 0x0, 0x0, 0x0, 0x0,
    0x7f, 0xff, 0xf8, 0x0, 0x0, 0x0, 0x0, 0x0,
    0x0, 0xa, 0xff, 0xfe, 0x0, 0x0, 0x0, 0x0,
    0x0, 0x0, 0x0, 0xef, 0xff, 0x50, 0x0, 0x0,
    0x0, 0x0, 0x0, 0x0, 0x2f, 0xff, 0xc0, 0x0,
    0x0, 0x0, 0x0, 0x0, 0x0, 0x6, 0xff, 0xf3,
    0x0, 0x0, 0x0, 0x0, 0x0, 0x0, 0x0, 0xaf,
    0xf9, 0x0, 0x0, 0x0, 0x0, 0x0, 0x0, 0x0,
    0xd, 0xff, 0x10, 0x0, 0x0, 0x0, 0x0, 0x0,
    0x0, 0x0, 0xbf, 0x60, 0x0, 0x0, 0x0, 0x0,
    0x0, 0x0, 0x0, 0x0, 0x10, 0x0, 0x0, 0x0,
    0x0, 0x0,

    /* U+F0EA "" */
    0x0, 0x0, 0x0, 0x3b, 0xda, 0x30, 0x0, 0x0,
    0x0, 0x0, 0x0, 0x0, 0x2, 0x22, 0x24, 0xff,
    0xff, 0xf4, 0x22, 0x22, 0x0, 0x0, 0x0, 0x0,
    0xcf, 0xff, 0xff, 0xfb, 0x5c, 0xff, 0xff, 0xff,
    0xa0, 0x0, 0x0, 0x0, 0xff, 0xff, 0xff, 0xf3,
    0x4, 0xff, 0xff, 0xff, 0xe0, 0x0, 0x0, 0x0,
    0xff, 0xff, 0xff, 0xf8, 0x9, 0xff, 0xff, 0xff,
    0xe0, 0x0, 0x0, 0x0, 0xff, 0xff, 0xff, 0xff,
    0xff, 0xff, 0xff, 0xff, 0xe0, 0x0, 0x0, 0x0,
    0xff, 0xff, 0xff, 0xff, 0xff, 0xff, 0xff, 0xff,
    0xe0, 0x0, 0x0, 0x0, 0xff, 0xff, 0xff, 0xff,
    0x72, 0x22, 0x22, 0x22, 0x10, 0x0, 0x0, 0x0,
    0xff, 0xff, 0xff, 0xf4, 0x0, 0x11, 0x11, 0x11,
    0x10, 0x0, 0x0, 0x0, 0xff, 0xff, 0xff, 0xd0,
    0x4f, 0xff, 0xff, 0xff, 0xe0, 0x3f, 0x40, 0x0,
    0xff, 0xff, 0xff, 0xc0, 0x8f, 0xff, 0xff, 0xff,
    0xe0, 0x3f, 0xf4, 0x0, 0xff, 0xff, 0xff, 0xc0,
    0x8f, 0xff, 0xff, 0xff, 0xe0, 0x3f, 0xff, 0x40,
    0xff, 0xff, 0xff, 0xc0, 0x8f, 0xff, 0xff, 0xff,
    0xe0, 0x3f, 0xff, 0xf4, 0xff, 0xff, 0xff, 0xc0,
    0x8f, 0xff, 0xff, 0xff, 0xe0, 0x3f, 0xff, 0xfc,
    0xff, 0xff, 0xff, 0xc0, 0x8f, 0xff, 0xff, 0xff,
    0xf0, 0x0, 0x0, 0x0, 0xff, 0xff, 0xff, 0xc0,
    0x8f, 0xff, 0xff, 0xff, 0xfd, 0xaa, 0xaa, 0xa8,
    0xff, 0xff, 0xff, 0xc0, 0x8f, 0xff, 0xff, 0xff,
    0xff, 0xff, 0xff, 0xfd, 0xff, 0xff, 0xff, 0xc0,
    0x8f, 0xff, 0xff, 0xff, 0xff, 0xff, 0xff, 0xfd,
    0xff, 0xff, 0xff, 0xc0, 0x8f, 0xff, 0xff, 0xff,
    0xff, 0xff, 0xff, 0xfd, 0xff, 0xff, 0xff, 0xc0,
    0x8f, 0xff, 0xff, 0xff, 0xff, 0xff, 0xff, 0xfd,
    0xff, 0xff, 0xff, 0xc0, 0x8f, 0xff, 0xff, 0xff,
    0xff, 0xff, 0xff, 0xfd, 0xbf, 0xff, 0xff, 0xc0,
    0x8f, 0xff, 0xff, 0xff, 0xff, 0xff, 0xff, 0xfd,
    0x1, 0x11, 0x11, 0x10, 0x8f, 0xff, 0xff, 0xff,
    0xff, 0xff, 0xff, 0xfd, 0x0, 0x0, 0x0, 0x0,
    0x8f, 0xff, 0xff, 0xff, 0xff, 0xff, 0xff, 0xfd,
    0x0, 0x0, 0x0, 0x0, 0x8f, 0xff, 0xff, 0xff,
    0xff, 0xff, 0xff, 0xfd, 0x0, 0x0, 0x0, 0x0,
    0x8f, 0xff, 0xff, 0xff, 0xff, 0xff, 0xff, 0xfd,
    0x0, 0x0, 0x0, 0x0, 0x4f, 0xff, 0xff, 0xff,
    0xff, 0xff, 0xff, 0xf9, 0x0, 0x0, 0x0, 0x0,
    0x1, 0x22, 0x22, 0x22, 0x22, 0x22, 0x22, 0x20,

    /* U+F0F3 "" */
    0x0, 0x0, 0x0, 0x0, 0x0, 0x3c, 0xa0, 0x0,
    0x0, 0x0, 0x0, 0x0, 0x0, 0x0, 0x0, 0x0,
    0x0, 0xcf, 0xf6, 0x0, 0x0, 0x0, 0x0, 0x0,
    0x0, 0x0, 0x0, 0x0, 0x0, 0xef, 0xf8, 0x0,
    0x0, 0x0, 0x0, 0x0, 0x0, 0x0, 0x0, 0x1,
    0x8d, 0xff, 0xff, 0xb6, 0x0, 0x0, 0x0, 0x0,
    0x0, 0x0, 0x0, 0x5f, 0xff, 0xff, 0xff, 0xff,
    0xc2, 0x0, 0x0, 0x0, 0x0, 0x0, 0x6, 0xff,
    0xff, 0xff, 0xff, 0xff, 0xfe, 0x20, 0x0, 0x0,
    0x0, 0x0, 0x3f, 0xff, 0xff, 0xff, 0xff, 0xff,
    0xff, 0xc0, 0x0, 0x0, 0x0, 0x0, 0xcf, 0xff,
    0xff, 0xff, 0xff, 0xff, 0xff, 0xf6, 0x0, 0x0,
    0x0, 0x3, 0xff, 0xff, 0xff, 0xff, 0xff, 0xff,
    0xff, 0xfc, 0x0, 0x0, 0x0, 0x7, 0xff, 0xff,
    0xff, 0xff, 0xff, 0xff, 0xff, 0xff, 0x10, 0x0,
    0x0, 0x9, 0xff, 0xff, 0xff, 0xff, 0xff, 0xff,
    0xff, 0xff, 0x20, 0x0, 0x0, 0xa, 0xff, 0xff,
    0xff, 0xff, 0xff, 0xff, 0xff, 0xff, 0x40, 0x0,
    0x0, 0xb, 0xff, 0xff, 0xff, 0xff, 0xff, 0xff,
    0xff, 0xff, 0x50, 0x0, 0x0, 0xc, 0xff, 0xff,
    0xff, 0xff, 0xff, 0xff, 0xff, 0xff, 0x60, 0x0,
    0x0, 0xf, 0xff, 0xff, 0xff, 0xff, 0xff, 0xff,
    0xff, 0xff, 0xa0, 0x0, 0x0, 0x3f, 0xff, 0xff,
    0xff, 0xff, 0xff, 0xff, 0xff, 0xff, 0xd0, 0x0,
    0x0, 0x9f, 0xff, 0xff, 0xff, 0xff, 0xff, 0xff,
    0xff, 0xff, 0xf3, 0x0, 0x1, 0xff, 0xff, 0xff,
    0xff, 0xff, 0xff, 0xff, 0xff, 0xff, 0xfb, 0x0,
    0xc, 0xff, 0xff, 0xff, 0xff, 0xff, 0xff, 0xff,
    0xff, 0xff, 0xff, 0x70, 0xaf, 0xff, 0xff, 0xff,
    0xff, 0xff, 0xff, 0xff, 0xff, 0xff, 0xff, 0xf4,
    0xff, 0xff, 0xff, 0xff, 0xff, 0xff, 0xff, 0xff,
    0xff, 0xff, 0xff, 0xf9, 0x8f, 0xff, 0xff, 0xff,
    0xff, 0xff, 0xff, 0xff, 0xff, 0xff, 0xff, 0xe3,
    0x0, 0x11, 0x11, 0x11, 0x11, 0x11, 0x11, 0x11,
    0x11, 0x11, 0x11, 0x0, 0x0, 0x0, 0x0, 0x0,
    0x0, 0x0, 0x0, 0x0, 0x0, 0x0, 0x0, 0x0,
    0x0, 0x0, 0x0, 0x0, 0x7f, 0xff, 0xff, 0xf1,
    0x0, 0x0, 0x0, 0x0, 0x0, 0x0, 0x0, 0x0,
    0x2f, 0xff, 0xff, 0xc0, 0x0, 0x0, 0x0, 0x0,
    0x0, 0x0, 0x0, 0x0, 0x6, 0xff, 0xfd, 0x20,
    0x0, 0x0, 0x0, 0x0, 0x0, 0x0, 0x0, 0x0,
    0x0, 0x14, 0x30, 0x0, 0x0, 0x0, 0x0, 0x0,

    /* U+F11C "" */
    0x0, 0x34, 0x44, 0x44, 0x44, 0x44, 0x44, 0x44,
    0x44, 0x44, 0x44, 0x44, 0x44, 0x43, 0x10, 0x4,
    0xef, 0xff, 0xff, 0xff, 0xff, 0xff, 0xff, 0xff,
    0xff, 0xff, 0xff, 0xff, 0xff, 0xff, 0x80, 0xdf,
    0xff, 0xff, 0xff, 0xff, 0xff, 0xff, 0xff, 0xff,
    0xff, 0xff, 0xff, 0xff, 0xff, 0xff, 0x3f, 0xff,
    0xff, 0xff, 0xff, 0xff, 0xff, 0xff, 0xff, 0xff,
    0xff, 0xff, 0xff, 0xff, 0xff, 0xf5, 0xff, 0xf8,
    0x22, 0x4f, 0xb2, 0x24, 0xfb, 0x22, 0x4f, 0xb2,
    0x24, 0xfc, 0x22, 0x3f, 0xff, 0x6f, 0xff, 0x60,
    0x1, 0xf9, 0x0, 0x1f, 0x90, 0x1, 0xf9, 0x0,
    0x1f, 0xa0, 0x0, 0xff, 0xf6, 0xff, 0xf6, 0x0,
    0x1f, 0x90, 0x1, 0xf9, 0x0, 0x1f, 0x90, 0x1,
    0xfa, 0x0, 0xf, 0xff, 0x6f, 0xff, 0xda, 0xac,
    0xfe, 0xaa, 0xcf, 0xea, 0xac, 0xfe, 0xaa, 0xbf,
    0xfa, 0xab, 0xff, 0xf6, 0xff, 0xff, 0xff, 0xff,
    0xff, 0xff, 0xff, 0xff, 0xff, 0xff, 0xff, 0xff,
    0xff, 0xff, 0xff, 0x6f, 0xff, 0xff, 0xf1, 0x0,
    0xaf, 0x30, 0xa, 0xf3, 0x0, 0xaf, 0x30, 0xa,
    0xff, 0xff, 0xf6, 0xff, 0xff, 0xfe, 0x0, 0x9,
    0xf1, 0x0, 0x9f, 0x10, 0x9, 0xf1, 0x0, 0x8f,
    0xff, 0xff, 0x6f, 0xff, 0xff, 0xe0, 0x0, 0x9f,
    0x10, 0x9, 0xf1, 0x0, 0x9f, 0x10, 0x8, 0xff,
    0xff, 0xf6, 0xff, 0xff, 0xff, 0xba, 0xae, 0xfc,
    0xaa, 0xef, 0xca, 0xae, 0xfc, 0xaa, 0xef, 0xff,
    0xff, 0x6f, 0xff, 0xff, 0xff, 0xff, 0xff, 0xff,
    0xff, 0xff, 0xff, 0xff, 0xff, 0xff, 0xff, 0xff,
    0xf6, 0xff, 0xf8, 0x0, 0x3f, 0xb0, 0x0, 0x0,
    0x0, 0x0, 0x0, 0x3, 0xfb, 0x0, 0x2f, 0xff,
    0x6f, 0xff, 0x60, 0x1, 0xf9, 0x0, 0x0, 0x0,
    0x0, 0x0, 0x0, 0x1f, 0xa0, 0x0, 0xff, 0xf6,
    0xff, 0xf6, 0x0, 0x1f, 0x90, 0x0, 0x0, 0x0,
    0x0, 0x0, 0x1, 0xfa, 0x0, 0xf, 0xff, 0x6f,
    0xff, 0xb6, 0x68, 0xfd, 0x66, 0x66, 0x66, 0x66,
    0x66, 0x66, 0x8f, 0xd6, 0x67, 0xff, 0xf6, 0xff,
    0xff, 0xff, 0xff, 0xff, 0xff, 0xff, 0xff, 0xff,
    0xff, 0xff, 0xff, 0xff, 0xff, 0xff, 0x5b, 0xff,
    0xff, 0xff, 0xff, 0xff, 0xff, 0xff, 0xff, 0xff,
    0xff, 0xff, 0xff, 0xff, 0xff, 0xf2, 0x1b, 0xff,
    0xff, 0xff, 0xff, 0xff, 0xff, 0xff, 0xff, 0xff,
    0xff, 0xff, 0xff, 0xff, 0xd5, 0x0,

    /* U+F124 "" */
    0x0, 0x0, 0x0, 0x0, 0x0, 0x0, 0x0, 0x0,
    0x0, 0x0, 0x0, 0x0, 0x0, 0x0, 0x0, 0x0,
    0x0, 0x0, 0x0, 0x0, 0x0, 0x0, 0x0, 0x0,
    0x0, 0x0, 0x6, 0x94, 0x0, 0x0, 0x0, 0x0,
    0x0, 0x0, 0x0, 0x0, 0x0, 0x0, 0x0, 0x1,
    0x8e, 0xff, 0xf6, 0x0, 0x0, 0x0, 0x0, 0x0,
    0x0, 0x0, 0x0, 0x0, 0x0, 0x29, 0xff, 0xff,
    0xff, 0xe0, 0x0, 0x0, 0x0, 0x0, 0x0, 0x0,
    0x0, 0x0, 0x3, 0xaf, 0xff, 0xff, 0xff, 0xfe,
    0x0, 0x0, 0x0, 0x0, 0x0, 0x0, 0x0, 0x0,
    0x4c, 0xff, 0xff, 0xff, 0xff, 0xff, 0x80, 0x0,
    0x0, 0x0, 0x0, 0x0, 0x0, 0x6, 0xdf, 0xff,
    0xff, 0xff, 0xff, 0xff, 0xf1, 0x0, 0x0, 0x0,
    0x0, 0x0, 0x0, 0x7e, 0xff, 0xff, 0xff, 0xff,
    0xff, 0xff, 0xf9, 0x0, 0x0, 0x0, 0x0, 0x0,
    0x18, 0xff, 0xff, 0xff, 0xff, 0xff, 0xff, 0xff,
    0xff, 0x20, 0x0, 0x0, 0x0, 0x2, 0xaf, 0xff,
    0xff, 0xff, 0xff, 0xff, 0xff, 0xff, 0xff, 0xa0,
    0x0, 0x0, 0x0, 0x3b, 0xff, 0xff, 0xff, 0xff,
    0xff, 0xff, 0xff, 0xff, 0xff, 0xf3, 0x0, 0x0,
    0x4, 0xcf, 0xff, 0xff, 0xff, 0xff, 0xff, 0xff,
    0xff, 0xff, 0xff, 0xfc, 0x0, 0x0, 0x7, 0xff,
    0xff, 0xff, 0xff, 0xff, 0xff, 0xff, 0xff, 0xff,
    0xff, 0xff, 0x40, 0x0, 0x0, 0xef, 0xff, 0xff,
    0xff, 0xff, 0xff, 0xff, 0xff, 0xff, 0xff, 0xff,
    0xd0, 0x0, 0x0, 0xe, 0xff, 0xff, 0xff, 0xff,
    0xff, 0xff, 0xff, 0xff, 0xff, 0xff, 0xf6, 0x0,
    0x0, 0x0, 0x7f, 0xff, 0xff, 0xff, 0xff, 0xff,
    0xff, 0xff, 0xff, 0xff, 0xfe, 0x0, 0x0, 0x0,
    0x0, 0x48, 0x99, 0x99, 0x99, 0x99, 0xaf, 0xff,
    0xff, 0xff, 0xff, 0x70, 0x0, 0x0, 0x0, 0x0,
    0x0, 0x0, 0x0, 0x0, 0x3, 0xff, 0xff, 0xff,
    0xff, 0xf0, 0x0, 0x0, 0x0, 0x0, 0x0, 0x0,
    0x0, 0x0, 0x0, 0x3f, 0xff, 0xff, 0xff, 0xf8,
    0x0, 0x0, 0x0, 0x0, 0x0, 0x0, 0x0, 0x0,
    0x0, 0x3, 0xff, 0xff, 0xff, 0xff, 0x10, 0x0,
    0x0, 0x0, 0x0, 0x0, 0x0, 0x0, 0x0, 0x0,
    0x3f, 0xff, 0xff, 0xff, 0xa0, 0x0, 0x0, 0x0,
    0x0, 0x0, 0x0, 0x0, 0x0, 0x0, 0x3, 0xff,
    0xff, 0xff, 0xf2, 0x0, 0x0, 0x0, 0x0, 0x0,
    0x0, 0x0, 0x0, 0x0, 0x0, 0x3f, 0xff, 0xff,
    0xfb, 0x0, 0x0, 0x0, 0x0, 0x0, 0x0, 0x0,
    0x0, 0x0, 0x0, 0x3, 0xff, 0xff, 0xff, 0x40,
    0x0, 0x0, 0x0, 0x0, 0x0, 0x0, 0x0, 0x0,
    0x0, 0x0, 0x3f, 0xff, 0xff, 0xc0, 0x0, 0x0,
    0x0, 0x0, 0x0, 0x0, 0x0, 0x0, 0x0, 0x0,
    0x2, 0xff, 0xff, 0xf5, 0x0, 0x0, 0x0, 0x0,
    0x0, 0x0, 0x0, 0x0, 0x0, 0x0, 0x0, 0x1f,
    0xff, 0xfd, 0x0, 0x0, 0x0, 0x0, 0x0, 0x0,
    0x0, 0x0, 0x0, 0x0, 0x0, 0x0, 0x7f, 0xff,
    0x40, 0x0, 0x0, 0x0, 0x0, 0x0, 0x0, 0x0,
    0x0, 0x0, 0x0, 0x0, 0x0, 0x35, 0x10, 0x0,
    0x0, 0x0, 0x0, 0x0, 0x0,

    /* U+F15B "" */
    0x5b, 0xbb, 0xbb, 0xbb, 0xbb, 0xb9, 0x7, 0x50,
    0x0, 0x0, 0xf, 0xff, 0xff, 0xff, 0xff, 0xff,
    0xd0, 0xaf, 0x60, 0x0, 0x0, 0xff, 0xff, 0xff,
    0xff, 0xff, 0xfd, 0xa, 0xff, 0x60, 0x0, 0xf,
    0xff, 0xff, 0xff, 0xff, 0xff, 0xd0, 0xaf, 0xff,
    0x60, 0x0, 0xff, 0xff, 0xff, 0xff, 0xff, 0xfd,
    0xa, 0xff, 0xff, 0x60, 0xf, 0xff, 0xff, 0xff,
    0xff, 0xff, 0xd0, 0xaf, 0xff, 0xff, 0x60, 0xff,
    0xff, 0xff, 0xff, 0xff, 0xfd, 0xa, 0xff, 0xff,
    0xff, 0xf, 0xff, 0xff, 0xff, 0xff, 0xff, 0xd0,
    0x0, 0x0, 0x0, 0x0, 0xff, 0xff, 0xff, 0xff,
    0xff, 0xff, 0x30, 0x0, 0x0, 0x0, 0xf, 0xff,
    0xff, 0xff, 0xff, 0xff, 0xff, 0xff, 0xff, 0xff,
    0xf1, 0xff, 0xff, 0xff, 0xff, 0xff, 0xff, 0xff,
    0xff, 0xff, 0xff, 0x1f, 0xff, 0xff, 0xff, 0xff,
    0xff, 0xff, 0xff, 0xff, 0xff, 0xf1, 0xff, 0xff,
    0xff, 0xff, 0xff, 0xff, 0xff, 0xff, 0xff, 0xff,
    0x1f, 0xff, 0xff, 0xff, 0xff, 0xff, 0xff, 0xff,
    0xff, 0xff, 0xf1, 0xff, 0xff, 0xff, 0xff, 0xff,
    0xff, 0xff, 0xff, 0xff, 0xff, 0x1f, 0xff, 0xff,
    0xff, 0xff, 0xff, 0xff, 0xff, 0xff, 0xff, 0xf1,
    0xff, 0xff, 0xff, 0xff, 0xff, 0xff, 0xff, 0xff,
    0xff, 0xff, 0x1f, 0xff, 0xff, 0xff, 0xff, 0xff,
    0xff, 0xff, 0xff, 0xff, 0xf1, 0xff, 0xff, 0xff,
    0xff, 0xff, 0xff, 0xff, 0xff, 0xff, 0xff, 0x1f,
    0xff, 0xff, 0xff, 0xff, 0xff, 0xff, 0xff, 0xff,
    0xff, 0xf1, 0xff, 0xff, 0xff, 0xff, 0xff, 0xff,
    0xff, 0xff, 0xff, 0xff, 0x1f, 0xff, 0xff, 0xff,
    0xff, 0xff, 0xff, 0xff, 0xff, 0xff, 0xf1, 0xff,
    0xff, 0xff, 0xff, 0xff, 0xff, 0xff, 0xff, 0xff,
    0xff, 0x1f, 0xff, 0xff, 0xff, 0xff, 0xff, 0xff,
    0xff, 0xff, 0xff, 0xf1, 0xff, 0xff, 0xff, 0xff,
    0xff, 0xff, 0xff, 0xff, 0xff, 0xff, 0x1f, 0xff,
    0xff, 0xff, 0xff, 0xff, 0xff, 0xff, 0xff, 0xff,
    0xf1, 0xef, 0xff, 0xff, 0xff, 0xff, 0xff, 0xff,
    0xff, 0xff, 0xff, 0x3, 0x88, 0x88, 0x88, 0x88,
    0x88, 0x88, 0x88, 0x88, 0x88, 0x40,

    /* U+F1EB "" */
    0x0, 0x0, 0x0, 0x0, 0x0, 0x0, 0x0, 0x0,
    0x0, 0x0, 0x0, 0x0, 0x0, 0x0, 0x0, 0x0,
    0x0, 0x0, 0x0, 0x0, 0x0, 0x0, 0x3, 0x69,
    0xab, 0xcc, 0xba, 0x85, 0x20, 0x0, 0x0, 0x0,
    0x0, 0x0, 0x0, 0x0, 0x0, 0x0, 0x5a, 0xff,
    0xff, 0xff, 0xff, 0xff, 0xff, 0xfe, 0x93, 0x0,
    0x0, 0x0, 0x0, 0x0, 0x0, 0x1, 0x7e, 0xff,
    0xff, 0xff, 0xff, 0xff, 0xff, 0xff, 0xff, 0xff,
    0xd5, 0x0, 0x0, 0x0, 0x0, 0x0, 0x6f, 0xff,
    0xff, 0xff, 0xff, 0xff, 0xff, 0xff, 0xff, 0xff,
    0xff, 0xff, 0xd4, 0x0, 0x0, 0x0, 0x2c, 0xff,
    0xff, 0xff, 0xff, 0xeb, 0x97, 0x77, 0x79, 0xbe,
    0xff, 0xff, 0xff, 0xff, 0xa1, 0x0, 0x5, 0xff,
    0xff, 0xff, 0xfc, 0x61, 0x0, 0x0, 0x0, 0x0,
    0x0, 0x28, 0xdf, 0xff, 0xff, 0xfd, 0x20, 0x7f,
    0xff, 0xff, 0xfa, 0x30, 0x0, 0x0, 0x0, 0x0,
    0x0, 0x0, 0x0, 0x4, 0xdf, 0xff, 0xff, 0xf4,
    0xef, 0xff, 0xfd, 0x30, 0x0, 0x0, 0x0, 0x0,
    0x0, 0x0, 0x0, 0x0, 0x0, 0x6, 0xff, 0xff,
    0xfa, 0x3e, 0xff, 0xa0, 0x0, 0x0, 0x0, 0x0,
    0x23, 0x54, 0x32, 0x0, 0x0, 0x0, 0x0, 0x2c,
    0xff, 0xc1, 0x3, 0xe7, 0x0, 0x0, 0x0, 0x17,
    0xbf, 0xff, 0xff, 0xff, 0xea, 0x50, 0x0, 0x0,
    0x0, 0xac, 0x10, 0x0, 0x0, 0x0, 0x0, 0x19,
    0xff, 0xff, 0xff, 0xff, 0xff, 0xff, 0xfe, 0x70,
    0x0, 0x0, 0x0, 0x0, 0x0, 0x0, 0x0, 0x5,
    0xff, 0xff, 0xff, 0xff, 0xff, 0xff, 0xff, 0xff,
    0xfd, 0x20, 0x0, 0x0, 0x0, 0x0, 0x0, 0x0,
    0x9f, 0xff, 0xff, 0xff, 0xff, 0xee, 0xff, 0xff,
    0xff, 0xff, 0xf5, 0x0, 0x0, 0x0, 0x0, 0x0,
    0x0, 0xff, 0xff, 0xff, 0xa5, 0x10, 0x0, 0x2,
    0x6c, 0xff, 0xff, 0xfb, 0x0, 0x0, 0x0, 0x0,
    0x0, 0x0, 0x4f, 0xff, 0xb2, 0x0, 0x0, 0x0,
    0x0, 0x0, 0x4d, 0xff, 0xd1, 0x0, 0x0, 0x0,
    0x0, 0x0, 0x0, 0x4, 0xe6, 0x0, 0x0, 0x0,
    0x0, 0x0, 0x0, 0x0, 0x9d, 0x10, 0x0, 0x0,
    0x0, 0x0, 0x0, 0x0, 0x0, 0x0, 0x0, 0x0,
    0x0, 0x0, 0x0, 0x0, 0x0, 0x0, 0x0, 0x0,
    0x0, 0x0, 0x0, 0x0, 0x0, 0x0, 0x0, 0x0,
    0x0, 0x2b, 0xff, 0x90, 0x0, 0x0, 0x0, 0x0,
    0x0, 0x0, 0x0, 0x0, 0x0, 0x0, 0x0, 0x0,
    0x0, 0x0, 0xdf, 0xff, 0xfa, 0x0, 0x0, 0x0,
    0x0, 0x0, 0x0, 0x0, 0x0, 0x0, 0x0, 0x0,
    0x0, 0x0, 0x5, 0xff, 0xff, 0xff, 0x10, 0x0,
    0x0, 0x0, 0x0, 0x0, 0x0, 0x0, 0x0, 0x0,
    0x0, 0x0, 0x0, 0x7, 0xff, 0xff, 0xff, 0x30,
    0x0, 0x0, 0x0, 0x0, 0x0, 0x0, 0x0, 0x0,
    0x0, 0x0, 0x0, 0x0, 0x3, 0xff, 0xff, 0xff,
    0x0, 0x0, 0x0, 0x0, 0x0, 0x0, 0x0, 0x0,
    0x0, 0x0, 0x0, 0x0, 0x0, 0x0, 0xaf, 0xff,
    0xf6, 0x0, 0x0, 0x0, 0x0, 0x0, 0x0, 0x0,
    0x0, 0x0, 0x0, 0x0, 0x0, 0x0, 0x0, 0x5,
    0x99, 0x30, 0x0, 0x0, 0x0, 0x0, 0x0, 0x0,
    0x0,

    /* U+F240 "" */
    0x2, 0x66, 0x66, 0x66, 0x66, 0x66, 0x66, 0x66,
    0x66, 0x66, 0x66, 0x66, 0x66, 0x66, 0x66, 0x30,
    0x0, 0x5f, 0xff, 0xff, 0xff, 0xff, 0xff, 0xff,
    0xff, 0xff, 0xff, 0xff, 0xff, 0xff, 0xff, 0xff,
    0xf9, 0x0, 0xef, 0xff, 0xff, 0xff, 0xff, 0xff,
    0xff, 0xff, 0xff, 0xff, 0xff, 0xff, 0xff, 0xff,
    0xff, 0xff, 0x10, 0xff, 0xff, 0xff, 0xff, 0xff,
    0xff, 0xff, 0xff, 0xff, 0xff, 0xff, 0xff, 0xff,
    0xff, 0xff, 0xff, 0x40, 0xff, 0xf6, 0x0, 0x0,
    0x0, 0x0, 0x0, 0x0, 0x0, 0x0, 0x0, 0x0,
    0x0, 0x0, 0x2f, 0xff, 0xf9, 0xff, 0xf6, 0xa,
    0xbb, 0xbb, 0xbb, 0xbb, 0xbb, 0xbb, 0xbb, 0xbb,
    0xbb, 0xbb, 0xb0, 0x2f, 0xff, 0xfe, 0xff, 0xf6,
    0xf, 0xff, 0xff, 0xff, 0xff, 0xff, 0xff, 0xff,
    0xff, 0xff, 0xff, 0xf0, 0x2f, 0xff, 0xfe, 0xff,
    0xf6, 0xf, 0xff, 0xff, 0xff, 0xff, 0xff, 0xff,
    0xff, 0xff, 0xff, 0xff, 0xf0, 0x5, 0xaf, 0xfe,
    0xff, 0xf6, 0xf, 0xff, 0xff, 0xff, 0xff, 0xff,
    0xff, 0xff, 0xff, 0xff, 0xff, 0xf0, 0x0, 0x7f,
    0xfe, 0xff, 0xf6, 0xf, 0xff, 0xff, 0xff, 0xff,
    0xff, 0xff, 0xff, 0xff, 0xff, 0xff, 0xf0, 0x0,
    0x7f, 0xfe, 0xff, 0xf6, 0xf, 0xff, 0xff, 0xff,
    0xff, 0xff, 0xff, 0xff, 0xff, 0xff, 0xff, 0xf0,
    0x7, 0xbf, 0xfe, 0xff, 0xf6, 0xf, 0xff, 0xff,
    0xff, 0xff, 0xff, 0xff, 0xff, 0xff, 0xff, 0xff,
    0xf0, 0x2f, 0xff, 0xfe, 0xff, 0xf6, 0x0, 0x0,
    0x0, 0x0, 0x0, 0x0, 0x0, 0x0, 0x0, 0x0,
    0x0, 0x0, 0x2f, 0xff, 0xfe, 0xff, 0xf6, 0x11,
    0x11, 0x11, 0x11, 0x11, 0x11, 0x11, 0x11, 0x11,
    0x11, 0x11, 0x11, 0x3f, 0xff, 0xf8, 0xff, 0xff,
    0xff, 0xff, 0xff, 0xff, 0xff, 0xff, 0xff, 0xff,
    0xff, 0xff, 0xff, 0xff, 0xff, 0xff, 0x30, 0xdf,
    0xff, 0xff, 0xff, 0xff, 0xff, 0xff, 0xff, 0xff,
    0xff, 0xff, 0xff, 0xff, 0xff, 0xff, 0xff, 0x10,
    0x4f, 0xff, 0xff, 0xff, 0xff, 0xff, 0xff, 0xff,
    0xff, 0xff, 0xff, 0xff, 0xff, 0xff, 0xff, 0xf7,
    0x0, 0x1, 0x45, 0x55, 0x55, 0x55, 0x55, 0x55,
    0x55, 0x55, 0x55, 0x55, 0x55, 0x55, 0x55, 0x54,
    0x20, 0x0,

    /* U+F241 "" */
    0x2, 0x66, 0x66, 0x66, 0x66, 0x66, 0x66, 0x66,
    0x66, 0x66, 0x66, 0x66, 0x66, 0x66, 0x66, 0x30,
    0x0, 0x5f, 0xff, 0xff, 0xff, 0xff, 0xff, 0xff,
    0xff, 0xff, 0xff, 0xff, 0xff, 0xff, 0xff, 0xff,
    0xf9, 0x0, 0xef, 0xff, 0xff, 0xff, 0xff, 0xff,
    0xff, 0xff, 0xff, 0xff, 0xff, 0xff, 0xff, 0xff,
    0xff, 0xff, 0x10, 0xff, 0xff, 0xff, 0xff, 0xff,
    0xff, 0xff, 0xff, 0xff, 0xff, 0xff, 0xff, 0xff,
    0xff, 0xff, 0xff, 0x40, 0xff, 0xf6, 0x0, 0x0,
    0x0, 0x0, 0x0, 0x0, 0x0, 0x0, 0x0, 0x0,
    0x0, 0x0, 0x2f, 0xff, 0xf9, 0xff, 0xf6, 0xa,
    0xbb, 0xbb, 0xbb, 0xbb, 0xbb, 0xbb, 0xbb, 0xba,
    0x0, 0x0, 0x0, 0x2f, 0xff, 0xfe, 0xff, 0xf6,
    0xf, 0xff, 0xff, 0xff, 0xff, 0xff, 0xff, 0xff,
    0xff, 0x0, 0x0, 0x0, 0x2f, 0xff, 0xfe, 0xff,
    0xf6, 0xf, 0xff, 0xff, 0xff, 0xff, 0xff, 0xff,
    0xff, 0xff, 0x0, 0x0, 0x0, 0x5, 0xaf, 0xfe,
    0xff, 0xf6, 0xf, 0xff, 0xff, 0xff, 0xff, 0xff,
    0xff, 0xff, 0xff, 0x0, 0x0, 0x0, 0x0, 0x7f,
    0xfe, 0xff, 0xf6, 0xf, 0xff, 0xff, 0xff, 0xff,
    0xff, 0xff, 0xff, 0xff, 0x0, 0x0, 0x0, 0x0,
    0x7f, 0xfe, 0xff, 0xf6, 0xf, 0xff, 0xff, 0xff,
    0xff, 0xff, 0xff, 0xff, 0xff, 0x0, 0x0, 0x0,
    0x7, 0xbf, 0xfe, 0xff, 0xf6, 0xf, 0xff, 0xff,
    0xff, 0xff, 0xff, 0xff, 0xff, 0xff, 0x0, 0x0,
    0x0, 0x2f, 0xff, 0xfe, 0xff, 0xf6, 0x0, 0x0,
    0x0, 0x0, 0x0, 0x0, 0x0, 0x0, 0x0, 0x0,
    0x0, 0x0, 0x2f, 0xff, 0xfe, 0xff, 0xf6, 0x11,
    0x11, 0x11, 0x11, 0x11, 0x11, 0x11, 0x11, 0x11,
    0x11, 0x11, 0x11, 0x3f, 0xff, 0xf8, 0xff, 0xff,
    0xff, 0xff, 0xff, 0xff, 0xff, 0xff, 0xff, 0xff,
    0xff, 0xff, 0xff, 0xff, 0xff, 0xff, 0x30, 0xdf,
    0xff, 0xff, 0xff, 0xff, 0xff, 0xff, 0xff, 0xff,
    0xff, 0xff, 0xff, 0xff, 0xff, 0xff, 0xff, 0x10,
    0x4f, 0xff, 0xff, 0xff, 0xff, 0xff, 0xff, 0xff,
    0xff, 0xff, 0xff, 0xff, 0xff, 0xff, 0xff, 0xf7,
    0x0, 0x1, 0x45, 0x55, 0x55, 0x55, 0x55, 0x55,
    0x55, 0x55, 0x55, 0x55, 0x55, 0x55, 0x55, 0x54,
    0x20, 0x0,

    /* U+F242 "" */
    0x2, 0x66, 0x66, 0x66, 0x66, 0x66, 0x66, 0x66,
    0x66, 0x66, 0x66, 0x66, 0x66, 0x66, 0x66, 0x30,
    0x0, 0x5f, 0xff, 0xff, 0xff, 0xff, 0xff, 0xff,
    0xff, 0xff, 0xff, 0xff, 0xff, 0xff, 0xff, 0xff,
    0xf9, 0x0, 0xef, 0xff, 0xff, 0xff, 0xff, 0xff,
    0xff, 0xff, 0xff, 0xff, 0xff, 0xff, 0xff, 0xff,
    0xff, 0xff, 0x10, 0xff, 0xff, 0xff, 0xff, 0xff,
    0xff, 0xff, 0xff, 0xff, 0xff, 0xff, 0xff, 0xff,
    0xff, 0xff, 0xff, 0x40, 0xff, 0xf6, 0x0, 0x0,
    0x0, 0x0, 0x0, 0x0, 0x0, 0x0, 0x0, 0x0,
    0x0, 0x0, 0x2f, 0xff, 0xf9, 0xff, 0xf6, 0xa,
    0xbb, 0xbb, 0xbb, 0xbb, 0xbb, 0x90, 0x0, 0x0,
    0x0, 0x0, 0x0, 0x2f, 0xff, 0xfe, 0xff, 0xf6,
    0xf, 0xff, 0xff, 0xff, 0xff, 0xff, 0xe0, 0x0,
    0x0, 0x0, 0x0, 0x0, 0x2f, 0xff, 0xfe, 0xff,
    0xf6, 0xf, 0xff, 0xff, 0xff, 0xff, 0xff, 0xe0,
    0x0, 0x0, 0x0, 0x0, 0x0, 0x5, 0xaf, 0xfe,
    0xff, 0xf6, 0xf, 0xff, 0xff, 0xff, 0xff, 0xff,
    0xe0, 0x0, 0x0, 0x0, 0x0, 0x0, 0x0, 0x7f,
    0xfe, 0xff, 0xf6, 0xf, 0xff, 0xff, 0xff, 0xff,
    0xff, 0xe0, 0x0, 0x0, 0x0, 0x0, 0x0, 0x0,
    0x7f, 0xfe, 0xff, 0xf6, 0xf, 0xff, 0xff, 0xff,
    0xff, 0xff, 0xe0, 0x0, 0x0, 0x0, 0x0, 0x0,
    0x7, 0xbf, 0xfe, 0xff, 0xf6, 0xf, 0xff, 0xff,
    0xff, 0xff, 0xff, 0xe0, 0x0, 0x0, 0x0, 0x0,
    0x0, 0x2f, 0xff, 0xfe, 0xff, 0xf6, 0x0, 0x0,
    0x0, 0x0, 0x0, 0x0, 0x0, 0x0, 0x0, 0x0,
    0x0, 0x0, 0x2f, 0xff, 0xfe, 0xff, 0xf6, 0x11,
    0x11, 0x11, 0x11, 0x11, 0x11, 0x11, 0x11, 0x11,
    0x11, 0x11, 0x11, 0x3f, 0xff, 0xf8, 0xff, 0xff,
    0xff, 0xff, 0xff, 0xff, 0xff, 0xff, 0xff, 0xff,
    0xff, 0xff, 0xff, 0xff, 0xff, 0xff, 0x30, 0xdf,
    0xff, 0xff, 0xff, 0xff, 0xff, 0xff, 0xff, 0xff,
    0xff, 0xff, 0xff, 0xff, 0xff, 0xff, 0xff, 0x10,
    0x4f, 0xff, 0xff, 0xff, 0xff, 0xff, 0xff, 0xff,
    0xff, 0xff, 0xff, 0xff, 0xff, 0xff, 0xff, 0xf7,
    0x0, 0x1, 0x45, 0x55, 0x55, 0x55, 0x55, 0x55,
    0x55, 0x55, 0x55, 0x55, 0x55, 0x55, 0x55, 0x54,
    0x20, 0x0,

    /* U+F243 "" */
    0x2, 0x66, 0x66, 0x66, 0x66, 0x66, 0x66, 0x66,
    0x66, 0x66, 0x66, 0x66, 0x66, 0x66, 0x66, 0x30,
    0x0, 0x5f, 0xff, 0xff, 0xff, 0xff, 0xff, 0xff,
    0xff, 0xff, 0xff, 0xff, 0xff, 0xff, 0xff, 0xff,
    0xf9, 0x0, 0xef, 0xff, 0xff, 0xff, 0xff, 0xff,
    0xff, 0xff, 0xff, 0xff, 0xff, 0xff, 0xff, 0xff,
    0xff, 0xff, 0x10, 0xff, 0xff, 0xff, 0xff, 0xff,
    0xff, 0xff, 0xff, 0xff, 0xff, 0xff, 0xff, 0xff,
    0xff, 0xff, 0xff, 0x40, 0xff, 0xf6, 0x0, 0x0,
    0x0, 0x0, 0x0, 0x0, 0x0, 0x0, 0x0, 0x0,
    0x0, 0x0, 0x2f, 0xff, 0xf9, 0xff, 0xf6, 0xa,
    0xbb, 0xbb, 0xb9, 0x0, 0x0, 0x0, 0x0, 0x0,
    0x0, 0x0, 0x0, 0x2f, 0xff, 0xfe, 0xff, 0xf6,
    0xf, 0xff, 0xff, 0xfd, 0x0, 0x0, 0x0, 0x0,
    0x0, 0x0, 0x0, 0x0, 0x2f, 0xff, 0xfe, 0xff,
    0xf6, 0xf, 0xff, 0xff, 0xfd, 0x0, 0x0, 0x0,
    0x0, 0x0, 0x0, 0x0, 0x0, 0x5, 0xaf, 0xfe,
    0xff, 0xf6, 0xf, 0xff, 0xff, 0xfd, 0x0, 0x0,
    0x0, 0x0, 0x0, 0x0, 0x0, 0x0, 0x0, 0x7f,
    0xfe, 0xff, 0xf6, 0xf, 0xff, 0xff, 0xfd, 0x0,
    0x0, 0x0, 0x0, 0x0, 0x0, 0x0, 0x0, 0x0,
    0x7f, 0xfe, 0xff, 0xf6, 0xf, 0xff, 0xff, 0xfd,
    0x0, 0x0, 0x0, 0x0, 0x0, 0x0, 0x0, 0x0,
    0x7, 0xbf, 0xfe, 0xff, 0xf6, 0xf, 0xff, 0xff,
    0xfd, 0x0, 0x0, 0x0, 0x0, 0x0, 0x0, 0x0,
    0x0, 0x2f, 0xff, 0xfe, 0xff, 0xf6, 0x0, 0x0,
    0x0, 0x0, 0x0, 0x0, 0x0, 0x0, 0x0, 0x0,
    0x0, 0x0, 0x2f, 0xff, 0xfe, 0xff, 0xf6, 0x11,
    0x11, 0x11, 0x11, 0x11, 0x11, 0x11, 0x11, 0x11,
    0x11, 0x11, 0x11, 0x3f, 0xff, 0xf8, 0xff, 0xff,
    0xff, 0xff, 0xff, 0xff, 0xff, 0xff, 0xff, 0xff,
    0xff, 0xff, 0xff, 0xff, 0xff, 0xff, 0x30, 0xdf,
    0xff, 0xff, 0xff, 0xff, 0xff, 0xff, 0xff, 0xff,
    0xff, 0xff, 0xff, 0xff, 0xff, 0xff, 0xff, 0x10,
    0x4f, 0xff, 0xff, 0xff, 0xff, 0xff, 0xff, 0xff,
    0xff, 0xff, 0xff, 0xff, 0xff, 0xff, 0xff, 0xf7,
    0x0, 0x1, 0x45, 0x55, 0x55, 0x55, 0x55, 0x55,
    0x55, 0x55, 0x55, 0x55, 0x55, 0x55, 0x55, 0x54,
    0x20, 0x0,

    /* U+F244 "" */
    0x2, 0x66, 0x66, 0x66, 0x66, 0x66, 0x66, 0x66,
    0x66, 0x66, 0x66, 0x66, 0x66, 0x66, 0x66, 0x30,
    0x0, 0x5f, 0xff, 0xff, 0xff, 0xff, 0xff, 0xff,
    0xff, 0xff, 0xff, 0xff, 0xff, 0xff, 0xff, 0xff,
    0xf9, 0x0, 0xef, 0xff, 0xff, 0xff, 0xff, 0xff,
    0xff, 0xff, 0xff, 0xff, 0xff, 0xff, 0xff, 0xff,
    0xff, 0xff, 0x10, 0xff, 0xff, 0xff, 0xff, 0xff,
    0xff, 0xff, 0xff, 0xff, 0xff, 0xff, 0xff, 0xff,
    0xff, 0xff, 0xff, 0x40, 0xff, 0xf6, 0x0, 0x0,
    0x0, 0x0, 0x0, 0x0, 0x0, 0x0, 0x0, 0x0,
    0x0, 0x0, 0x2f, 0xff, 0xf9, 0xff, 0xf6, 0x0,
    0x0, 0x0, 0x0, 0x0, 0x0, 0x0, 0x0, 0x0,
    0x0, 0x0, 0x0, 0x2f, 0xff, 0xfe, 0xff, 0xf6,
    0x0, 0x0, 0x0, 0x0, 0x0, 0x0, 0x0, 0x0,
    0x0, 0x0, 0x0, 0x0, 0x2f, 0xff, 0xfe, 0xff,
    0xf6, 0x0, 0x0, 0x0, 0x0, 0x0, 0x0, 0x0,
    0x0, 0x0, 0x0, 0x0, 0x0, 0x5, 0xaf, 0xfe,
    0xff, 0xf6, 0x0, 0x0, 0x0, 0x0, 0x0, 0x0,
    0x0, 0x0, 0x0, 0x0, 0x0, 0x0, 0x0, 0x7f,
    0xfe, 0xff, 0xf6, 0x0, 0x0, 0x0, 0x0, 0x0,
    0x0, 0x0, 0x0, 0x0, 0x0, 0x0, 0x0, 0x0,
    0x7f, 0xfe, 0xff, 0xf6, 0x0, 0x0, 0x0, 0x0,
    0x0, 0x0, 0x0, 0x0, 0x0, 0x0, 0x0, 0x0,
    0x7, 0xbf, 0xfe, 0xff, 0xf6, 0x0, 0x0, 0x0,
    0x0, 0x0, 0x0, 0x0, 0x0, 0x0, 0x0, 0x0,
    0x0, 0x2f, 0xff, 0xfe, 0xff, 0xf6, 0x0, 0x0,
    0x0, 0x0, 0x0, 0x0, 0x0, 0x0, 0x0, 0x0,
    0x0, 0x0, 0x2f, 0xff, 0xfe, 0xff, 0xf6, 0x11,
    0x11, 0x11, 0x11, 0x11, 0x11, 0x11, 0x11, 0x11,
    0x11, 0x11, 0x11, 0x3f, 0xff, 0xf8, 0xff, 0xff,
    0xff, 0xff, 0xff, 0xff, 0xff, 0xff, 0xff, 0xff,
    0xff, 0xff, 0xff, 0xff, 0xff, 0xff, 0x30, 0xdf,
    0xff, 0xff, 0xff, 0xff, 0xff, 0xff, 0xff, 0xff,
    0xff, 0xff, 0xff, 0xff, 0xff, 0xff, 0xff, 0x10,
    0x4f, 0xff, 0xff, 0xff, 0xff, 0xff, 0xff, 0xff,
    0xff, 0xff, 0xff, 0xff, 0xff, 0xff, 0xff, 0xf7,
    0x0, 0x1, 0x45, 0x55, 0x55, 0x55, 0x55, 0x55,
    0x55, 0x55, 0x55, 0x55, 0x55, 0x55, 0x55, 0x54,
    0x20, 0x0,

    /* U+F287 "" */
    0x0, 0x0, 0x0, 0x0, 0x0, 0x0, 0x0, 0x0,
    0x0, 0x37, 0x50, 0x0, 0x0, 0x0, 0x0, 0x0,
    0x0, 0x0, 0x0, 0x0, 0x0, 0x0, 0x0, 0x0,
    0x0, 0x5, 0xff, 0xfc, 0x0, 0x0, 0x0, 0x0,
    0x0, 0x0, 0x0, 0x0, 0x0, 0x0, 0x0, 0x0,
    0x0, 0x69, 0x9e, 0xff, 0xff, 0x50, 0x0, 0x0,
    0x0, 0x0, 0x0, 0x0, 0x0, 0x0, 0x0, 0x0,
    0x0, 0xc, 0xff, 0xff, 0xff, 0xff, 0x80, 0x0,
    0x0, 0x0, 0x0, 0x0, 0x0, 0x0, 0x0, 0x0,
    0x0, 0x0, 0x8f, 0xd5, 0x4c, 0xff, 0xff, 0x40,
    0x0, 0x0, 0x0, 0x0, 0x0, 0x0, 0x0, 0x0,
    0x0, 0x0, 0x1, 0xff, 0x10, 0x2, 0xdf, 0xf7,
    0x0, 0x0, 0x0, 0x0, 0x0, 0x0, 0x0, 0x0,
    0x0, 0x0, 0x0, 0x8, 0xf8, 0x0, 0x0, 0x1,
    0x0, 0x0, 0x0, 0x0, 0x0, 0x0, 0x0, 0x2,
    0xad, 0xc6, 0x0, 0x0, 0x1f, 0xf1, 0x0, 0x0,
    0x0, 0x0, 0x0, 0x0, 0x0, 0x41, 0x0, 0x0,
    0x2e, 0xff, 0xff, 0x90, 0x0, 0x8f, 0x90, 0x0,
    0x0, 0x0, 0x0, 0x0, 0x0, 0x0, 0xde, 0x60,
    0x0, 0xbf, 0xff, 0xff, 0xf3, 0x4, 0xff, 0x21,
    0x11, 0x11, 0x11, 0x11, 0x11, 0x11, 0x11, 0xdf,
    0xfc, 0x20, 0xff, 0xff, 0xff, 0xff, 0xff, 0xff,
    0xff, 0xff, 0xff, 0xff, 0xff, 0xff, 0xff, 0xff,
    0xff, 0xff, 0xf8, 0xef, 0xff, 0xff, 0xfe, 0xdd,
    0xdd, 0xdf, 0xff, 0xdd, 0xdd, 0xdd, 0xdd, 0xdd,
    0xdd, 0xff, 0xff, 0xe5, 0x9f, 0xff, 0xff, 0xf1,
    0x0, 0x0, 0x4, 0xfe, 0x0, 0x0, 0x0, 0x0,
    0x0, 0x0, 0xdf, 0xf8, 0x0, 0x1c, 0xff, 0xff,
    0x50, 0x0, 0x0, 0x0, 0x9f, 0x70, 0x0, 0x0,
    0x0, 0x0, 0x0, 0xdb, 0x20, 0x0, 0x0, 0x69,
    0x82, 0x0, 0x0, 0x0, 0x0, 0x1f, 0xe0, 0x0,
    0x0, 0x0, 0x0, 0x0, 0x10, 0x0, 0x0, 0x0,
    0x0, 0x0, 0x0, 0x0, 0x0, 0x0, 0xa, 0xf7,
    0x0, 0x29, 0x99, 0x99, 0x20, 0x0, 0x0, 0x0,
    0x0, 0x0, 0x0, 0x0, 0x0, 0x0, 0x0, 0x2,
    0xfe, 0x20, 0x5f, 0xff, 0xff, 0x50, 0x0, 0x0,
    0x0, 0x0, 0x0, 0x0, 0x0, 0x0, 0x0, 0x0,
    0x0, 0x7f, 0xeb, 0xcf, 0xff, 0xff, 0x50, 0x0,
    0x0, 0x0, 0x0, 0x0, 0x0, 0x0, 0x0, 0x0,
    0x0, 0x0, 0x8, 0xff, 0xff, 0xff, 0xff, 0x50,
    0x0, 0x0, 0x0, 0x0, 0x0, 0x0, 0x0, 0x0,
    0x0, 0x0, 0x0, 0x0, 0x2, 0x6f, 0xff, 0xff,
    0x50, 0x0, 0x0, 0x0, 0x0, 0x0, 0x0, 0x0,
    0x0, 0x0, 0x0, 0x0, 0x0, 0x0, 0x4f, 0xff,
    0xff, 0x40, 0x0, 0x0, 0x0, 0x0, 0x0, 0x0,
    0x0, 0x0, 0x0, 0x0, 0x0, 0x0, 0x0, 0x0,
    0x0, 0x0, 0x0, 0x0, 0x0, 0x0,

    /* U+F293 "" */
    0x0, 0x0, 0x0, 0x16, 0x9b, 0xcc, 0xb9, 0x50,
    0x0, 0x0, 0x0, 0x0, 0x0, 0x8f, 0xff, 0xff,
    0xff, 0xff, 0xe6, 0x0, 0x0, 0x0, 0x1, 0xdf,
    0xff, 0xff, 0x9f, 0xff, 0xff, 0xf9, 0x0, 0x0,
    0x1, 0xdf, 0xff, 0xff, 0xf1, 0x9f, 0xff, 0xff,
    0xf8, 0x0, 0x0, 0x9f, 0xff, 0xff, 0xff, 0x10,
    0xaf, 0xff, 0xff, 0xf2, 0x0, 0x1f, 0xff, 0xff,
    0xff, 0xf1, 0x0, 0xbf, 0xff, 0xff, 0x90, 0x7,
    0xff, 0xff, 0xff, 0xff, 0x10, 0x0, 0xcf, 0xff,
    0xfe, 0x0, 0xbf, 0xff, 0xfd, 0xff, 0xf1, 0x9,
    0x1, 0xdf, 0xff, 0xf3, 0xf, 0xff, 0xf3, 0xc,
    0xff, 0x10, 0xfa, 0x1, 0xdf, 0xff, 0x62, 0xff,
    0xff, 0x50, 0xc, 0xf1, 0xf, 0xe1, 0xa, 0xff,
    0xf9, 0x4f, 0xff, 0xff, 0x50, 0xc, 0x10, 0xd2,
    0x8, 0xff, 0xff, 0xa5, 0xff, 0xff, 0xff, 0x50,
    0x0, 0x1, 0x6, 0xff, 0xff, 0xfc, 0x6f, 0xff,
    0xff, 0xff, 0x50, 0x0, 0x5, 0xff, 0xff, 0xff,
    0xc6, 0xff, 0xff, 0xff, 0xff, 0x40, 0x3, 0xff,
    0xff, 0xff, 0xfd, 0x6f, 0xff, 0xff, 0xff, 0xe2,
    0x0, 0xc, 0xff, 0xff, 0xff, 0xc6, 0xff, 0xff,
    0xff, 0xd2, 0x0, 0x0, 0x1d, 0xff, 0xff, 0xfc,
    0x5f, 0xff, 0xff, 0xd1, 0x3, 0x0, 0x40, 0x1e,
    0xff, 0xff, 0xb3, 0xff, 0xff, 0xd1, 0x3, 0xe1,
    0xe, 0x50, 0x2e, 0xff, 0xfa, 0x1f, 0xff, 0xf1,
    0x3, 0xff, 0x10, 0xff, 0x10, 0x5f, 0xff, 0x80,
    0xef, 0xff, 0x83, 0xff, 0xf1, 0xf, 0x40, 0x3e,
    0xff, 0xf5, 0xa, 0xff, 0xff, 0xff, 0xff, 0x10,
    0x40, 0x2e, 0xff, 0xff, 0x20, 0x4f, 0xff, 0xff,
    0xff, 0xf2, 0x0, 0x2e, 0xff, 0xff, 0xd0, 0x0,
    0xdf, 0xff, 0xff, 0xff, 0x20, 0x2e, 0xff, 0xff,
    0xf6, 0x0, 0x4, 0xff, 0xff, 0xff, 0xf2, 0x2e,
    0xff, 0xff, 0xfd, 0x0, 0x0, 0x6, 0xff, 0xff,
    0xff, 0x5e, 0xff, 0xff, 0xff, 0x30, 0x0, 0x0,
    0x4, 0xef, 0xff, 0xff, 0xff, 0xff, 0xfe, 0x40,
    0x0, 0x0, 0x0, 0x0, 0x6b, 0xef, 0xff, 0xff,
    0xc6, 0x0, 0x0, 0x0, 0x0, 0x0, 0x0, 0x0,
    0x1, 0x21, 0x0, 0x0, 0x0, 0x0,

    /* U+F2ED "" */
    0x0, 0x0, 0x0, 0x0, 0x8a, 0xaa, 0xaa, 0xa5,
    0x0, 0x0, 0x0, 0x0, 0x0, 0x0, 0x0, 0x9,
    0xff, 0xff, 0xff, 0xff, 0x30, 0x0, 0x0, 0x0,
    0xcf, 0xff, 0xff, 0xff, 0xff, 0xff, 0xff, 0xff,
    0xff, 0xff, 0xff, 0xf6, 0xff, 0xff, 0xff, 0xff,
    0xff, 0xff, 0xff, 0xff, 0xff, 0xff, 0xff, 0xfa,
    0xff, 0xff, 0xff, 0xff, 0xff, 0xff, 0xff, 0xff,
    0xff, 0xff, 0xff, 0xf9, 0x46, 0x66, 0x66, 0x66,
    0x66, 0x66, 0x66, 0x66, 0x66, 0x66, 0x66, 0x61,
    0x0, 0x0, 0x0, 0x0, 0x0, 0x0, 0x0, 0x0,
    0x0, 0x0, 0x0, 0x0, 0x4, 0xff, 0xff, 0xff,
    0xff, 0xff, 0xff, 0xff, 0xff, 0xff, 0xfe, 0x0,
    0x5, 0xff, 0xff, 0xff, 0xff, 0xff, 0xff, 0xff,
    0xff, 0xff, 0xff, 0x0, 0x5, 0xff, 0xff, 0xff,
    0xff, 0xff, 0xff, 0xff, 0xff, 0xff, 0xff, 0x0,
    0x5, 0xff, 0xff, 0x9d, 0xff, 0xf9, 0xcf, 0xff,
    0xac, 0xff, 0xff, 0x0, 0x5, 0xff, 0xfe, 0x6,
    0xff, 0xf0, 0x5f, 0xff, 0x4, 0xff, 0xff, 0x0,
    0x5, 0xff, 0xfe, 0x6, 0xff, 0xf0, 0x5f, 0xff,
    0x4, 0xff, 0xff, 0x0, 0x5, 0xff, 0xfe, 0x6,
    0xff, 0xf0, 0x5f, 0xff, 0x4, 0xff, 0xff, 0x0,
    0x5, 0xff, 0xfe, 0x6, 0xff, 0xf0, 0x5f, 0xff,
    0x4, 0xff, 0xff, 0x0, 0x5, 0xff, 0xfe, 0x6,
    0xff, 0xf0, 0x5f, 0xff, 0x4, 0xff, 0xff, 0x0,
    0x5, 0xff, 0xfe, 0x6, 0xff, 0xf0, 0x5f, 0xff,
    0x4, 0xff, 0xff, 0x0, 0x5, 0xff, 0xfe, 0x6,
    0xff, 0xf0, 0x5f, 0xff, 0x4, 0xff, 0xff, 0x0,
    0x5, 0xff, 0xfe, 0x6, 0xff, 0xf0, 0x5f, 0xff,
    0x4, 0xff, 0xff, 0x0, 0x5, 0xff, 0xfe, 0x6,
    0xff, 0xf0, 0x5f, 0xff, 0x4, 0xff, 0xff, 0x0,
    0x5, 0xff, 0xfe, 0x6, 0xff, 0xf0, 0x5f, 0xff,
    0x4, 0xff, 0xff, 0x0, 0x5, 0xff, 0xfe, 0x6,
    0xff, 0xf0, 0x5f, 0xff, 0x4, 0xff, 0xff, 0x0,
    0x5, 0xff, 0xfe, 0x6, 0xff, 0xf0, 0x5f, 0xff,
    0x4, 0xff, 0xff, 0x0, 0x5, 0xff, 0xff, 0x29,
    0xff, 0xf2, 0x8f, 0xff, 0x37, 0xff, 0xff, 0x0,
    0x4, 0xff, 0xff, 0xff, 0xff, 0xff, 0xff, 0xff,
    0xff, 0xff, 0xfe, 0x0, 0x2, 0xff, 0xff, 0xff,
    0xff, 0xff, 0xff, 0xff, 0xff, 0xff, 0xfc, 0x0,
    0x0, 0x9f, 0xff, 0xff, 0xff, 0xff, 0xff, 0xff,
    0xff, 0xff, 0xf4, 0x0, 0x0, 0x3, 0x56, 0x66,
    0x66, 0x66, 0x66, 0x66, 0x66, 0x65, 0x10, 0x0,

    /* U+F304 "" */
    0x0, 0x0, 0x0, 0x0, 0x0, 0x0, 0x0, 0x0,
    0x0, 0x0, 0x7, 0x94, 0x0, 0x0, 0x0, 0x0,
    0x0, 0x0, 0x0, 0x0, 0x0, 0x0, 0x0, 0x1,
    0xcf, 0xff, 0x70, 0x0, 0x0, 0x0, 0x0, 0x0,
    0x0, 0x0, 0x0, 0x0, 0x0, 0x1c, 0xff, 0xff,
    0xf7, 0x0, 0x0, 0x0, 0x0, 0x0, 0x0, 0x0,
    0x0, 0x0, 0x1, 0xcf, 0xff, 0xff, 0xff, 0x70,
    0x0, 0x0, 0x0, 0x0, 0x0, 0x0, 0x0, 0x0,
    0x2, 0xef, 0xff, 0xff, 0xff, 0xf6, 0x0, 0x0,
    0x0, 0x0, 0x0, 0x0, 0x0, 0x1, 0x70, 0x3e,
    0xff, 0xff, 0xff, 0xfe, 0x0, 0x0, 0x0, 0x0,
    0x0, 0x0, 0x0, 0x1c, 0xf8, 0x3, 0xef, 0xff,
    0xff, 0xfe, 0x0, 0x0, 0x0, 0x0, 0x0, 0x0,
    0x1, 0xcf, 0xff, 0x80, 0x3e, 0xff, 0xff, 0xf8,
    0x0, 0x0, 0x0, 0x0, 0x0, 0x0, 0x1c, 0xff,
    0xff, 0xf8, 0x3, 0xef, 0xff, 0x90, 0x0, 0x0,
    0x0, 0x0, 0x0, 0x1, 0xcf, 0xff, 0xff, 0xff,
    0x80, 0x3e, 0xf9, 0x0, 0x0, 0x0, 0x0, 0x0,
    0x0, 0x1c, 0xff, 0xff, 0xff, 0xff, 0xf8, 0x3,
    0x90, 0x0, 0x0, 0x0, 0x0, 0x0, 0x1, 0xcf,
    0xff, 0xff, 0xff, 0xff, 0xff, 0x80, 0x0, 0x0,
    0x0, 0x0, 0x0, 0x0, 0x1c, 0xff, 0xff, 0xff,
    0xff, 0xff, 0xff, 0x90, 0x0, 0x0, 0x0, 0x0,
    0x0, 0x1, 0xcf, 0xff, 0xff, 0xff, 0xff, 0xff,
    0xf9, 0x0, 0x0, 0x0, 0x0, 0x0, 0x0, 0x1c,
    0xff, 0xff, 0xff, 0xff, 0xff, 0xff, 0x90, 0x0,
    0x0, 0x0, 0x0, 0x0, 0x1, 0xcf, 0xff, 0xff,
    0xff, 0xff, 0xff, 0xf9, 0x0, 0x0, 0x0, 0x0,
    0x0, 0x0, 0x1c, 0xff, 0xff, 0xff, 0xff, 0xff,
    0xff, 0x90, 0x0, 0x0, 0x0, 0x0, 0x0, 0x1,
    0xcf, 0xff, 0xff, 0xff, 0xff, 0xff, 0xf9, 0x0,
    0x0, 0x0, 0x0, 0x0, 0x0, 0x1c, 0xff, 0xff,
    0xff, 0xff, 0xff, 0xff, 0x90, 0x0, 0x0, 0x0,
    0x0, 0x0, 0x1, 0xcf, 0xff, 0xff, 0xff, 0xff,
    0xff, 0xf9, 0x0, 0x0, 0x0, 0x0, 0x0, 0x0,
    0x6, 0xff, 0xff, 0xff, 0xff, 0xff, 0xff, 0x90,
    0x0, 0x0, 0x0, 0x0, 0x0, 0x0, 0x7, 0xff,
    0xff, 0xff, 0xff, 0xff, 0xf9, 0x0, 0x0, 0x0,
    0x0, 0x0, 0x0, 0x0, 0x9, 0xff, 0xff, 0xff,
    0xff, 0xff, 0x90, 0x0, 0x0, 0x0, 0x0, 0x0,
    0x0, 0x0, 0xb, 0xff, 0xff, 0xff, 0xff, 0xf9,
    0x0, 0x0, 0x0, 0x0, 0x0, 0x0, 0x0, 0x0,
    0xd, 0xff, 0xff, 0xff, 0xff, 0x90, 0x0, 0x0,
    0x0, 0x0, 0x0, 0x0, 0x0, 0x0, 0xf, 0xff,
    0xff, 0xff, 0xf9, 0x0, 0x0, 0x0, 0x0, 0x0,
    0x0, 0x0, 0x0, 0x0, 0xe, 0xff, 0xff, 0xec,
    0x80, 0x0, 0x0, 0x0, 0x0, 0x0, 0x0, 0x0,
    0x0, 0x0, 0x1, 0x54, 0x20, 0x0, 0x0, 0x0,
    0x0, 0x0, 0x0, 0x0, 0x0, 0x0, 0x0, 0x0,

    /* U+F55A "" */
    0x0, 0x0, 0x0, 0x0, 0x0, 0x24, 0x44, 0x44,
    0x44, 0x44, 0x44, 0x44, 0x44, 0x44, 0x44, 0x30,
    0x0, 0x0, 0x0, 0x0, 0x0, 0x4e, 0xff, 0xff,
    0xff, 0xff, 0xff, 0xff, 0xff, 0xff, 0xff, 0xff,
    0xff, 0x60, 0x0, 0x0, 0x0, 0x5, 0xff, 0xff,
    0xff, 0xff, 0xff, 0xff, 0xff, 0xff, 0xff, 0xff,
    0xff, 0xff, 0xf4, 0x0, 0x0, 0x0, 0x5f, 0xff,
    0xff, 0xff, 0xff, 0xff, 0xff, 0xff, 0xff, 0xff,
    0xff, 0xff, 0xff, 0xfa, 0x0, 0x0, 0x5, 0xff,
    0xff, 0xff, 0xff, 0xff, 0xff, 0xff, 0xff, 0xff,
    0xff, 0xff, 0xff, 0xff, 0xfb, 0x0, 0x0, 0x5f,
    0xff, 0xff, 0xff, 0xff, 0xf8, 0xb, 0xff, 0xff,
    0xf4, 0x2e, 0xff, 0xff, 0xff, 0xfc, 0x0, 0x5,
    0xff, 0xff, 0xff, 0xff, 0xff, 0x90, 0x0, 0xbf,
    0xff, 0x40, 0x2, 0xff, 0xff, 0xff, 0xfc, 0x0,
    0x5f, 0xff, 0xff, 0xff, 0xff, 0xff, 0x80, 0x0,
    0xb, 0xf4, 0x0, 0x2, 0xef, 0xff, 0xff, 0xfc,
    0x6, 0xff, 0xff, 0xff, 0xff, 0xff, 0xff, 0xf8,
    0x0, 0x0, 0x30, 0x0, 0x2e, 0xff, 0xff, 0xff,
    0xfc, 0x5f, 0xff, 0xff, 0xff, 0xff, 0xff, 0xff,
    0xff, 0x80, 0x0, 0x0, 0x2, 0xef, 0xff, 0xff,
    0xff, 0xfc, 0xef, 0xff, 0xff, 0xff, 0xff, 0xff,
    0xff, 0xff, 0xf7, 0x0, 0x0, 0x1e, 0xff, 0xff,
    0xff, 0xff, 0xfc, 0xdf, 0xff, 0xff, 0xff, 0xff,
    0xff, 0xff, 0xff, 0xf4, 0x0, 0x0, 0xb, 0xff,
    0xff, 0xff, 0xff, 0xfc, 0x3e, 0xff, 0xff, 0xff,
    0xff, 0xff, 0xff, 0xff, 0x40, 0x0, 0x0, 0x0,
    0xbf, 0xff, 0xff, 0xff, 0xfc, 0x3, 0xef, 0xff,
    0xff, 0xff, 0xff, 0xff, 0xf4, 0x0, 0x2, 0x70,
    0x0, 0xb, 0xff, 0xff, 0xff, 0xfc, 0x0, 0x2e,
    0xff, 0xff, 0xff, 0xff, 0xff, 0x60, 0x0, 0x2e,
    0xf8, 0x0, 0x0, 0xef, 0xff, 0xff, 0xfc, 0x0,
    0x2, 0xef, 0xff, 0xff, 0xff, 0xff, 0xb0, 0x2,
    0xef, 0xff, 0x80, 0x4, 0xff, 0xff, 0xff, 0xfc,
    0x0, 0x0, 0x2e, 0xff, 0xff, 0xff, 0xff, 0xfb,
    0x4e, 0xff, 0xff, 0xf8, 0x5f, 0xff, 0xff, 0xff,
    0xfc, 0x0, 0x0, 0x2, 0xef, 0xff, 0xff, 0xff,
    0xff, 0xff, 0xff, 0xff, 0xff, 0xff, 0xff, 0xff,
    0xff, 0xfb, 0x0, 0x0, 0x0, 0x2e, 0xff, 0xff,
    0xff, 0xff, 0xff, 0xff, 0xff, 0xff, 0xff, 0xff,
    0xff, 0xff, 0xf9, 0x0, 0x0, 0x0, 0x2, 0xef,
    0xff, 0xff, 0xff, 0xff, 0xff, 0xff, 0xff, 0xff,
    0xff, 0xff, 0xff, 0xf2, 0x0, 0x0, 0x0, 0x0,
    0x1a, 0xef, 0xff, 0xff, 0xff, 0xff, 0xff, 0xff,
    0xff, 0xff, 0xff, 0xfc, 0x30,

    /* U+F7C2 "" */
    0x0, 0x0, 0x0, 0x36, 0x66, 0x66, 0x66, 0x66,
    0x64, 0x0, 0x0, 0x0, 0x0, 0x3f, 0xff, 0xff,
    0xff, 0xff, 0xff, 0xfe, 0x20, 0x0, 0x0, 0x3f,
    0xff, 0xff, 0xff, 0xff, 0xff, 0xff, 0xfd, 0x0,
    0x0, 0x3f, 0xff, 0xff, 0xff, 0xff, 0xff, 0xff,
    0xff, 0xf2, 0x0, 0x4f, 0xfe, 0x0, 0x9f, 0x10,
    0x2f, 0x90, 0x2f, 0xff, 0x40, 0x4f, 0xff, 0xe0,
    0x9, 0xf1, 0x2, 0xf9, 0x2, 0xff, 0xf4, 0x4f,
    0xff, 0xfe, 0x0, 0x9f, 0x10, 0x2f, 0x90, 0x2f,
    0xff, 0x4f, 0xff, 0xff, 0xe0, 0x9, 0xf1, 0x2,
    0xf9, 0x2, 0xff, 0xf4, 0xff, 0xff, 0xfe, 0x0,
    0xaf, 0x10, 0x2f, 0x90, 0x2f, 0xff, 0x4f, 0xff,
    0xff, 0xff, 0xff, 0xff, 0xff, 0xff, 0xff, 0xff,
    0xf4, 0xff, 0xff, 0xff, 0xff, 0xff, 0xff, 0xff,
    0xff, 0xff, 0xff, 0x4f, 0xff, 0xff, 0xff, 0xff,
    0xff, 0xff, 0xff, 0xff, 0xff, 0xf4, 0xff, 0xff,
    0xff, 0xff, 0xff, 0xff, 0xff, 0xff, 0xff, 0xff,
    0x4f, 0xff, 0xff, 0xff, 0xff, 0xff, 0xff, 0xff,
    0xff, 0xff, 0xf4, 0xff, 0xff, 0xff, 0xff, 0xff,
    0xff, 0xff, 0xff, 0xff, 0xff, 0x4f, 0xff, 0xff,
    0xff, 0xff, 0xff, 0xff, 0xff, 0xff, 0xff, 0xf4,
    0xff, 0xff, 0xff, 0xff, 0xff, 0xff, 0xff, 0xff,
    0xff, 0xff, 0x4f, 0xff, 0xff, 0xff, 0xff, 0xff,
    0xff, 0xff, 0xff, 0xff, 0xf4, 0xff, 0xff, 0xff,
    0xff, 0xff, 0xff, 0xff, 0xff, 0xff, 0xff, 0x4f,
    0xff, 0xff, 0xff, 0xff, 0xff, 0xff, 0xff, 0xff,
    0xff, 0xf4, 0xff, 0xff, 0xff, 0xff, 0xff, 0xff,
    0xff, 0xff, 0xff, 0xff, 0x4f, 0xff, 0xff, 0xff,
    0xff, 0xff, 0xff, 0xff, 0xff, 0xff, 0xf4, 0xff,
    0xff, 0xff, 0xff, 0xff, 0xff, 0xff, 0xff, 0xff,
    0xff, 0x4f, 0xff, 0xff, 0xff, 0xff, 0xff, 0xff,
    0xff, 0xff, 0xff, 0xf4, 0xef, 0xff, 0xff, 0xff,
    0xff, 0xff, 0xff, 0xff, 0xff, 0xff, 0x2a, 0xff,
    0xff, 0xff, 0xff, 0xff, 0xff, 0xff, 0xff, 0xff,
    0xe0, 0x1d, 0xff, 0xff, 0xff, 0xff, 0xff, 0xff,
    0xff, 0xff, 0xe3, 0x0, 0x5, 0x88, 0x88, 0x88,
    0x88, 0x88, 0x88, 0x88, 0x61, 0x0,

    /* U+F8A2 "" */
    0x0, 0x0, 0x0, 0x0, 0x0, 0x0, 0x0, 0x0,
    0x0, 0x0, 0x0, 0x0, 0x0, 0x60, 0x0, 0x0,
    0x0, 0x0, 0x0, 0x0, 0x0, 0x0, 0x0, 0x0,
    0x0, 0x0, 0xb, 0xf1, 0x0, 0x0, 0x0, 0x0,
    0x0, 0x0, 0x0, 0x0, 0x0, 0x0, 0x0, 0x0,
    0xbf, 0xf1, 0x0, 0x0, 0x0, 0x1, 0x0, 0x0,
    0x0, 0x0, 0x0, 0x0, 0x0, 0xb, 0xff, 0xf1,
    0x0, 0x0, 0x1, 0xdf, 0x40, 0x0, 0x0, 0x0,
    0x0, 0x0, 0x0, 0x1f, 0xff, 0xf1, 0x0, 0x0,
    0x2d, 0xff, 0x80, 0x0, 0x0, 0x0, 0x0, 0x0,
    0x0, 0x1f, 0xff, 0xf1, 0x0, 0x2, 0xef, 0xff,
    0x80, 0x0, 0x0, 0x0, 0x0, 0x0, 0x0, 0x1f,
    0xff, 0xf1, 0x0, 0x3e, 0xff, 0xff, 0x80, 0x0,
    0x0, 0x0, 0x0, 0x0, 0x0, 0x1f, 0xff, 0xf1,
    0x4, 0xff, 0xff, 0xff, 0xc8, 0x88, 0x88, 0x88,
    0x88, 0x88, 0x88, 0x8f, 0xff, 0xf1, 0x4f, 0xff,
    0xff, 0xff, 0xff, 0xff, 0xff, 0xff, 0xff, 0xff,
    0xff, 0xff, 0xff, 0xf1, 0xdf, 0xff, 0xff, 0xff,
    0xff, 0xff, 0xff, 0xff, 0xff, 0xff, 0xff, 0xff,
    0xff, 0xf1, 0x7f, 0xff, 0xff, 0xff, 0xff, 0xff,
    0xff, 0xff, 0xff, 0xff, 0xff, 0xff, 0xff, 0xf1,
    0x7, 0xff, 0xff, 0xff, 0xdb, 0xbb, 0xbb, 0xbb,
    0xbb, 0xbb, 0xbb, 0xbb, 0xbb, 0x70, 0x0, 0x6f,
    0xff, 0xff, 0x80, 0x0, 0x0, 0x0, 0x0, 0x0,
    0x0, 0x0, 0x0, 0x0, 0x0, 0x5, 0xff, 0xff,
    0x80, 0x0, 0x0, 0x0, 0x0, 0x0, 0x0, 0x0,
    0x0, 0x0, 0x0, 0x0, 0x4f, 0xff, 0x80, 0x0,
    0x0, 0x0, 0x0, 0x0, 0x0, 0x0, 0x0, 0x0,
    0x0, 0x0, 0x3, 0xef, 0x60, 0x0, 0x0, 0x0,
    0x0, 0x0, 0x0, 0x0, 0x0, 0x0, 0x0, 0x0,
    0x0, 0x14, 0x0, 0x0, 0x0, 0x0, 0x0, 0x0,
    0x0, 0x0, 0x0, 0x0
};


/*---------------------
 *  GLYPH DESCRIPTION
 *--------------------*/

static const lv_font_fmt_txt_glyph_dsc_t glyph_dsc[] = {
    {.bitmap_index = 0, .adv_w = 0, .box_w = 0, .box_h = 0, .ofs_x = 0, .ofs_y = 0} /* id = 0 reserved */,
    {.bitmap_index = 0, .adv_w = 216, .box_w = 5, .box_h = 22, .ofs_x = 4, .ofs_y = -1},
    {.bitmap_index = 55, .adv_w = 216, .box_w = 8, .box_h = 6, .ofs_x = 3, .ofs_y = 14},
    {.bitmap_index = 79, .adv_w = 216, .box_w = 13, .box_h = 18, .ofs_x = 0, .ofs_y = 1},
    {.bitmap_index = 196, .adv_w = 216, .box_w = 11, .box_h = 24, .ofs_x = 1, .ofs_y = -2},
    {.bitmap_index = 328, .adv_w = 216, .box_w = 13, .box_h = 20, .ofs_x = 0, .ofs_y = 1},
    {.bitmap_index = 458, .adv_w = 216, .box_w = 13, .box_h = 18, .ofs_x = 0, .ofs_y = 1},
    {.bitmap_index = 575, .adv_w = 216, .box_w = 4, .box_h = 6, .ofs_x = 4, .ofs_y = 13},
    {.bitmap_index = 587, .adv_w = 216, .box_w = 7, .box_h = 25, .ofs_x = 6, .ofs_y = -3},
    {.bitmap_index = 675, .adv_w = 216, .box_w = 8, .box_h = 25, .ofs_x = 0, .ofs_y = -3},
    {.bitmap_index = 775, .adv_w = 216, .box_w = 13, .box_h = 14, .ofs_x = 0, .ofs_y = 5},
    {.bitmap_index = 866, .adv_w = 216, .box_w = 13, .box_h = 13, .ofs_x = 0, .ofs_y = 4},
    {.bitmap_index = 951, .adv_w = 216, .box_w = 13, .box_h = 2, .ofs_x = 0, .ofs_y = 9},
    {.bitmap_index = 964, .adv_w = 216, .box_w = 4, .box_h = 4, .ofs_x = 1, .ofs_y = 1},
    {.bitmap_index = 972, .adv_w = 216, .box_w = 13, .box_h = 22, .ofs_x = 0, .ofs_y = -1},
    {.bitmap_index = 1115, .adv_w = 216, .box_w = 13, .box_h = 20, .ofs_x = 0, .ofs_y = -1},
    {.bitmap_index = 1245, .adv_w = 216, .box_w = 7, .box_h = 18, .ofs_x = 2, .ofs_y = 1},
    {.bitmap_index = 1308, .adv_w = 216, .box_w = 12, .box_h = 19, .ofs_x = 0, .ofs_y = 1},
    {.bitmap_index = 1422, .adv_w = 216, .box_w = 12, .box_h = 20, .ofs_x = 1, .ofs_y = 1},
    {.bitmap_index = 1542, .adv_w = 216, .box_w = 13, .box_h = 18, .ofs_x = 0, .ofs_y = 1},
    {.bitmap_index = 1659, .adv_w = 216, .box_w = 13, .box_h = 18, .ofs_x = 0, .ofs_y = 1},
    {.bitmap_index = 1776, .adv_w = 216, .box_w = 13, .box_h = 18, .ofs_x = 0, .ofs_y = 1},
    {.bitmap_index = 1893, .adv_w = 216, .box_w = 12, .box_h = 18, .ofs_x = 1, .ofs_y = 1},
    {.bitmap_index = 2001, .adv_w = 216, .box_w = 13, .box_h = 18, .ofs_x = 0, .ofs_y = 1},
    {.bitmap_index = 2118, .adv_w = 216, .box_w = 12, .box_h = 18, .ofs_x = 0, .ofs_y = 1},
    {.bitmap_index = 2226, .adv_w = 216, .box_w = 4, .box_h = 12, .ofs_x = 4, .ofs_y = 1},
    {.bitmap_index = 2250, .adv_w = 216, .box_w = 5, .box_h = 17, .ofs_x = 4, .ofs_y = -5},
    {.bitmap_index = 2293, .adv_w = 216, .box_w = 13, .box_h = 21, .ofs_x = 0, .ofs_y = -1},
    {.bitmap_index = 2430, .adv_w = 216, .box_w = 13, .box_h = 9, .ofs_x = 0, .ofs_y = 6},
    {.bitmap_index = 2489, .adv_w = 216, .box_w = 13, .box_h = 21, .ofs_x = 0, .ofs_y = -1},
    {.bitmap_index = 2626, .adv_w = 216, .box_w = 11, .box_h = 18, .ofs_x = 1, .ofs_y = 1},
    {.bitmap_index = 2725, .adv_w = 216, .box_w = 13, .box_h = 18, .ofs_x = 0, .ofs_y = 1},
    {.bitmap_index = 2842, .adv_w = 216, .box_w = 13, .box_h = 18, .ofs_x = 0, .ofs_y = 1},
    {.bitmap_index = 2959, .adv_w = 216, .box_w = 12, .box_h = 18, .ofs_x = 1, .ofs_y = 1},
    {.bitmap_index = 3067, .adv_w = 216, .box_w = 13, .box_h = 18, .ofs_x = 0, .ofs_y = 1},
    {.bitmap_index = 3184, .adv_w = 216, .box_w = 12, .box_h = 18, .ofs_x = 1, .ofs_y = 1},
    {.bitmap_index = 3292, .adv_w = 216, .box_w = 12, .box_h = 18, .ofs_x = 1, .ofs_y = 1},
    {.bitmap_index = 3400, .adv_w = 216, .box_w = 12, .box_h = 18, .ofs_x = 1, .ofs_y = 1},
    {.bitmap_index = 3508, .adv_w = 216, .box_w = 13, .box_h = 18, .ofs_x = 0, .ofs_y = 1},
    {.bitmap_index = 3625, .adv_w = 216, .box_w = 12, .box_h = 18, .ofs_x = 1, .ofs_y = 1},
    {.bitmap_index = 3733, .adv_w = 216, .box_w = 3, .box_h = 18, .ofs_x = 5, .ofs_y = 1},
    {.bitmap_index = 3760, .adv_w = 216, .box_w = 11, .box_h = 18, .ofs_x = 1, .ofs_y = 1},
    {.bitmap_index = 3859, .adv_w = 216, .box_w = 12, .box_h = 18, .ofs_x = 1, .ofs_y = 1},
    {.bitmap_index = 3967, .adv_w = 216, .box_w = 12, .box_h = 18, .ofs_x = 1, .ofs_y = 1},
    {.bitmap_index = 4075, .adv_w = 216, .box_w = 13, .box_h = 18, .ofs_x = 0, .ofs_y = 1},
    {.bitmap_index = 4192, .adv_w = 216, .box_w = 12, .box_h = 18, .ofs_x = 1, .ofs_y = 1},
    {.bitmap_index = 4300, .adv_w = 216, .box_w = 13, .box_h = 18, .ofs_x = 0, .ofs_y = 1},
    {.bitmap_index = 4417, .adv_w = 216, .box_w = 12, .box_h = 18, .ofs_x = 1, .ofs_y = 1},
    {.bitmap_index = 4525, .adv_w = 216, .box_w = 13, .box_h = 20, .ofs_x = 0, .ofs_y = -1},
    {.bitmap_index = 4655, .adv_w = 216, .box_w = 12, .box_h = 18, .ofs_x = 1, .ofs_y = 1},
    {.bitmap_index = 4763, .adv_w = 216, .box_w = 13, .box_h = 18, .ofs_x = 0, .ofs_y = 1},
    {.bitmap_index = 4880, .adv_w = 216, .box_w = 12, .box_h = 18, .ofs_x = 1, .ofs_y = 1},
    {.bitmap_index = 4988, .adv_w = 216, .box_w = 12, .box_h = 18, .ofs_x = 1, .ofs_y = 1},
    {.bitmap_index = 5096, .adv_w = 216, .box_w = 13, .box_h = 18, .ofs_x = 0, .ofs_y = 1},
    {.bitmap_index = 5213, .adv_w = 216, .box_w = 13, .box_h = 18, .ofs_x = 0, .ofs_y = 1},
    {.bitmap_index = 5330, .adv_w = 216, .box_w = 13, .box_h = 18, .ofs_x = 0, .ofs_y = 1},
    {.bitmap_index = 5447, .adv_w = 216, .box_w = 13, .box_h = 18, .ofs_x = 0, .ofs_y = 1},
    {.bitmap_index = 5564, .adv_w = 216, .box_w = 13, .box_h = 18, .ofs_x = 0, .ofs_y = 1},
    {.bitmap_index = 5681, .adv_w = 216, .box_w = 7, .box_h = 24, .ofs_x = 5, .ofs_y = -2},
    {.bitmap_index = 5765, .adv_w = 216, .box_w = 11, .box_h = 23, .ofs_x = 1, .ofs_y = -3},
    {.bitmap_index = 5892, .adv_w = 216, .box_w = 7, .box_h = 24, .ofs_x = 1, .ofs_y = -2},
    {.bitmap_index = 5976, .adv_w = 216, .box_w = 11, .box_h = 5, .ofs_x = 1, .ofs_y = 18},
    {.bitmap_index = 6004, .adv_w = 216, .box_w = 14, .box_h = 3, .ofs_x = 0, .ofs_y = -4},
    {.bitmap_index = 6025, .adv_w = 216, .box_w = 7, .box_h = 5, .ofs_x = 3, .ofs_y = 17},
    {.bitmap_index = 6043, .adv_w = 216, .box_w = 12, .box_h = 12, .ofs_x = 1, .ofs_y = 1},
    {.bitmap_index = 6115, .adv_w = 216, .box_w = 11, .box_h = 18, .ofs_x = 1, .ofs_y = 1},
    {.bitmap_index = 6214, .adv_w = 216, .box_w = 13, .box_h = 12, .ofs_x = 0, .ofs_y = 1},
    {.bitmap_index = 6292, .adv_w = 216, .box_w = 12, .box_h = 18, .ofs_x = 0, .ofs_y = 1},
    {.bitmap_index = 6400, .adv_w = 216, .box_w = 12, .box_h = 12, .ofs_x = 1, .ofs_y = 1},
    {.bitmap_index = 6472, .adv_w = 216, .box_w = 12, .box_h = 18, .ofs_x = 1, .ofs_y = 1},
    {.bitmap_index = 6580, .adv_w = 216, .box_w = 12, .box_h = 17, .ofs_x = 1, .ofs_y = -3},
    {.bitmap_index = 6682, .adv_w = 216, .box_w = 11, .box_h = 18, .ofs_x = 1, .ofs_y = 1},
    {.bitmap_index = 6781, .adv_w = 216, .box_w = 4, .box_h = 19, .ofs_x = 5, .ofs_y = 1},
    {.bitmap_index = 6819, .adv_w = 216, .box_w = 9, .box_h = 23, .ofs_x = 2, .ofs_y = -3},
    {.bitmap_index = 6923, .adv_w = 216, .box_w = 12, .box_h = 18, .ofs_x = 1, .ofs_y = 1},
    {.bitmap_index = 7031, .adv_w = 216, .box_w = 3, .box_h = 18, .ofs_x = 5, .ofs_y = 1},
    {.bitmap_index = 7058, .adv_w = 216, .box_w = 13, .box_h = 12, .ofs_x = 0, .ofs_y = 1},
    {.bitmap_index = 7136, .adv_w = 216, .box_w = 11, .box_h = 12, .ofs_x = 1, .ofs_y = 1},
    {.bitmap_index = 7202, .adv_w = 216, .box_w = 13, .box_h = 12, .ofs_x = 0, .ofs_y = 1},
    {.bitmap_index = 7280, .adv_w = 216, .box_w = 11, .box_h = 16, .ofs_x = 1, .ofs_y = -3},
    {.bitmap_index = 7368, .adv_w = 216, .box_w = 12, .box_h = 16, .ofs_x = 0, .ofs_y = -3},
    {.bitmap_index = 7464, .adv_w = 216, .box_w = 9, .box_h = 12, .ofs_x = 2, .ofs_y = 1},
    {.bitmap_index = 7518, .adv_w = 216, .box_w = 11, .box_h = 12, .ofs_x = 1, .ofs_y = 1},
    {.bitmap_index = 7584, .adv_w = 216, .box_w = 12, .box_h = 17, .ofs_x = 0, .ofs_y = 1},
    {.bitmap_index = 7686, .adv_w = 216, .box_w = 11, .box_h = 12, .ofs_x = 1, .ofs_y = 1},
    {.bitmap_index = 7752, .adv_w = 216, .box_w = 13, .box_h = 12, .ofs_x = 0, .ofs_y = 1},
    {.bitmap_index = 7830, .adv_w = 216, .box_w = 13, .box_h = 12, .ofs_x = 0, .ofs_y = 1},
    {.bitmap_index = 7908, .adv_w = 216, .box_w = 13, .box_h = 12, .ofs_x = 0, .ofs_y = 1},
    {.bitmap_index = 7986, .adv_w = 216, .box_w = 13, .box_h = 16, .ofs_x = 0, .ofs_y = -3},
    {.bitmap_index = 8090, .adv_w = 216, .box_w = 11, .box_h = 12, .ofs_x = 1, .ofs_y = 1},
    {.bitmap_index = 8156, .adv_w = 216, .box_w = 6, .box_h = 26, .ofs_x = 6, .ofs_y = -3},
    {.bitmap_index = 8234, .adv_w = 216, .box_w = 3, .box_h = 28, .ofs_x = 5, .ofs_y = -3},
    {.bitmap_index = 8276, .adv_w = 216, .box_w = 7, .box_h = 26, .ofs_x = 1, .ofs_y = -3},
    {.bitmap_index = 8367, .adv_w = 216, .box_w = 12, .box_h = 5, .ofs_x = 1, .ofs_y = 19},
    {.bitmap_index = 8397, .adv_w = 432, .box_w = 25, .box_h = 23, .ofs_x = 0, .ofs_y = -2},
    {.bitmap_index = 8685, .adv_w = 432, .box_w = 23, .box_h = 26, .ofs_x = 2, .ofs_y = -3},
    {.bitmap_index = 8984, .adv_w = 432, .box_w = 27, .box_h = 28, .ofs_x = 0, .ofs_y = -4},
    {.bitmap_index = 9362, .adv_w = 432, .box_w = 27, .box_h = 21, .ofs_x = 0, .ofs_y = 0},
    {.bitmap_index = 9646, .adv_w = 432, .box_w = 27, .box_h = 24, .ofs_x = 0, .ofs_y = -2},
    {.bitmap_index = 9970, .adv_w = 432, .box_w = 27, .box_h = 21, .ofs_x = 0, .ofs_y = 0},
    {.bitmap_index = 10254, .adv_w = 297, .box_w = 19, .box_h = 20, .ofs_x = 0, .ofs_y = 0},
    {.bitmap_index = 10444, .adv_w = 432, .box_w = 28, .box_h = 27, .ofs_x = 0, .ofs_y = -3},
    {.bitmap_index = 10822, .adv_w = 432, .box_w = 27, .box_h = 28, .ofs_x = 0, .ofs_y = -4},
    {.bitmap_index = 11200, .adv_w = 486, .box_w = 31, .box_h = 24, .ofs_x = 0, .ofs_y = -2},
    {.bitmap_index = 11572, .adv_w = 432, .box_w = 27, .box_h = 28, .ofs_x = 0, .ofs_y = -4},
    {.bitmap_index = 11950, .adv_w = 486, .box_w = 31, .box_h = 21, .ofs_x = 0, .ofs_y = 0},
    {.bitmap_index = 12276, .adv_w = 432, .box_w = 27, .box_h = 28, .ofs_x = 0, .ofs_y = -4},
    {.bitmap_index = 12654, .adv_w = 216, .box_w = 14, .box_h = 22, .ofs_x = 0, .ofs_y = -1},
    {.bitmap_index = 12808, .adv_w = 324, .box_w = 21, .box_h = 22, .ofs_x = 0, .ofs_y = -1},
    {.bitmap_index = 13039, .adv_w = 486, .box_w = 31, .box_h = 26, .ofs_x = 0, .ofs_y = -3},
    {.bitmap_index = 13442, .adv_w = 432, .box_w = 27, .box_h = 21, .ofs_x = 0, .ofs_y = 0},
    {.bitmap_index = 13726, .adv_w = 378, .box_w = 18, .box_h = 25, .ofs_x = 3, .ofs_y = -2},
    {.bitmap_index = 13951, .adv_w = 378, .box_w = 24, .box_h = 28, .ofs_x = 0, .ofs_y = -4},
    {.bitmap_index = 14287, .adv_w = 378, .box_w = 24, .box_h = 24, .ofs_x = 0, .ofs_y = -2},
    {.bitmap_index = 14575, .adv_w = 378, .box_w = 24, .box_h = 24, .ofs_x = 0, .ofs_y = -2},
    {.bitmap_index = 14863, .adv_w = 378, .box_w = 18, .box_h = 25, .ofs_x = 3, .ofs_y = -2},
    {.bitmap_index = 15088, .adv_w = 378, .box_w = 26, .box_h = 24, .ofs_x = -1, .ofs_y = -2},
    {.bitmap_index = 15400, .adv_w = 270, .box_w = 15, .box_h = 24, .ofs_x = 1, .ofs_y = -2},
    {.bitmap_index = 15580, .adv_w = 270, .box_w = 15, .box_h = 24, .ofs_x = 1, .ofs_y = -2},
    {.bitmap_index = 15760, .adv_w = 378, .box_w = 24, .box_h = 24, .ofs_x = 0, .ofs_y = -2},
    {.bitmap_index = 16048, .adv_w = 378, .box_w = 24, .box_h = 6, .ofs_x = 0, .ofs_y = 7},
    {.bitmap_index = 16120, .adv_w = 486, .box_w = 31, .box_h = 21, .ofs_x = 0, .ofs_y = 0},
    {.bitmap_index = 16446, .adv_w = 540, .box_w = 34, .box_h = 28, .ofs_x = 0, .ofs_y = -4},
    {.bitmap_index = 16922, .adv_w = 486, .box_w = 32, .box_h = 28, .ofs_x = -1, .ofs_y = -4},
    {.bitmap_index = 17370, .adv_w = 432, .box_w = 27, .box_h = 24, .ofs_x = 0, .ofs_y = -2},
    {.bitmap_index = 17694, .adv_w = 378, .box_w = 24, .box_h = 15, .ofs_x = 0, .ofs_y = 3},
    {.bitmap_index = 17874, .adv_w = 378, .box_w = 24, .box_h = 15, .ofs_x = 0, .ofs_y = 3},
    {.bitmap_index = 18054, .adv_w = 540, .box_w = 34, .box_h = 22, .ofs_x = 0, .ofs_y = -1},
    {.bitmap_index = 18428, .adv_w = 432, .box_w = 27, .box_h = 21, .ofs_x = 0, .ofs_y = 0},
    {.bitmap_index = 18712, .adv_w = 432, .box_w = 27, .box_h = 28, .ofs_x = 0, .ofs_y = -4},
    {.bitmap_index = 19090, .adv_w = 432, .box_w = 28, .box_h = 28, .ofs_x = -1, .ofs_y = -4},
    {.bitmap_index = 19482, .adv_w = 378, .box_w = 24, .box_h = 24, .ofs_x = 0, .ofs_y = -2},
    {.bitmap_index = 19770, .adv_w = 378, .box_w = 24, .box_h = 28, .ofs_x = 0, .ofs_y = -4},
    {.bitmap_index = 20106, .adv_w = 378, .box_w = 24, .box_h = 24, .ofs_x = 0, .ofs_y = -2},
    {.bitmap_index = 20394, .adv_w = 270, .box_w = 19, .box_h = 28, .ofs_x = -1, .ofs_y = -4},
    {.bitmap_index = 20660, .adv_w = 378, .box_w = 24, .box_h = 28, .ofs_x = 0, .ofs_y = -4},
    {.bitmap_index = 20996, .adv_w = 378, .box_w = 24, .box_h = 28, .ofs_x = 0, .ofs_y = -4},
    {.bitmap_index = 21332, .adv_w = 486, .box_w = 31, .box_h = 21, .ofs_x = 0, .ofs_y = 0},
    {.bitmap_index = 21658, .adv_w = 432, .box_w = 29, .box_h = 29, .ofs_x = -1, .ofs_y = -4},
    {.bitmap_index = 22079, .adv_w = 324, .box_w = 21, .box_h = 28, .ofs_x = 0, .ofs_y = -4},
    {.bitmap_index = 22373, .adv_w = 540, .box_w = 34, .box_h = 25, .ofs_x = 0, .ofs_y = -2},
    {.bitmap_index = 22798, .adv_w = 540, .box_w = 34, .box_h = 18, .ofs_x = 0, .ofs_y = 1},
    {.bitmap_index = 23104, .adv_w = 540, .box_w = 34, .box_h = 18, .ofs_x = 0, .ofs_y = 1},
    {.bitmap_index = 23410, .adv_w = 540, .box_w = 34, .box_h = 18, .ofs_x = 0, .ofs_y = 1},
    {.bitmap_index = 23716, .adv_w = 540, .box_w = 34, .box_h = 18, .ofs_x = 0, .ofs_y = 1},
    {.bitmap_index = 24022, .adv_w = 540, .box_w = 34, .box_h = 18, .ofs_x = 0, .ofs_y = 1},
    {.bitmap_index = 24328, .adv_w = 540, .box_w = 34, .box_h = 22, .ofs_x = 0, .ofs_y = -1},
    {.bitmap_index = 24702, .adv_w = 378, .box_w = 21, .box_h = 28, .ofs_x = 1, .ofs_y = -4},
    {.bitmap_index = 24996, .adv_w = 378, .box_w = 24, .box_h = 28, .ofs_x = 0, .ofs_y = -4},
    {.bitmap_index = 25332, .adv_w = 432, .box_w = 28, .box_h = 28, .ofs_x = -1, .ofs_y = -4},
    {.bitmap_index = 25724, .adv_w = 540, .box_w = 34, .box_h = 21, .ofs_x = 0, .ofs_y = 0},
    {.bitmap_index = 26081, .adv_w = 324, .box_w = 21, .box_h = 28, .ofs_x = 0, .ofs_y = -4},
    {.bitmap_index = 26375, .adv_w = 435, .box_w = 28, .box_h = 18, .ofs_x = 0, .ofs_y = 1}
};

/*---------------------
 *  CHARACTER MAPPING
 *--------------------*/

static const uint16_t unicode_list_2[] = {
    0x0, 0xb85, 0x9d58, 0x9d5f, 0x9d62, 0x9d63, 0x9d64, 0x9d68,
    0x9d6a, 0x9d6c, 0x9d70, 0x9d73, 0x9d78, 0x9d7d, 0x9d7e, 0x9d7f,
    0x9d95, 0x9d9f, 0x9da2, 0x9da3, 0x9da4, 0x9da8, 0x9da9, 0x9daa,
    0x9dab, 0x9dbe, 0x9dbf, 0x9dc5, 0x9dc7, 0x9dc8, 0x9dcb, 0x9dce,
    0x9dcf, 0x9dd0, 0x9dd2, 0x9dea, 0x9dec, 0x9e1b, 0x9e1c, 0x9e1e,
    0x9e3e, 0x9e41, 0x9e4a, 0x9e73, 0x9e7b, 0x9eb2, 0x9f42, 0x9f97,
    0x9f98, 0x9f99, 0x9f9a, 0x9f9b, 0x9fde, 0x9fea, 0xa044, 0xa05b,
    0xa2b1, 0xa519, 0xa5f9
};

/*Collect the unicode lists and glyph_id offsets*/
static const lv_font_fmt_txt_cmap_t cmaps[] =
{
    {
        .range_start = 33, .range_length = 11, .glyph_id_start = 1,
        .unicode_list = NULL, .glyph_id_ofs_list = NULL, .list_length = 0, .type = LV_FONT_FMT_TXT_CMAP_FORMAT0_TINY
    },
    {
        .range_start = 45, .range_length = 82, .glyph_id_start = 12,
        .unicode_list = NULL, .glyph_id_ofs_list = NULL, .list_length = 0, .type = LV_FONT_FMT_TXT_CMAP_FORMAT0_TINY
    },
    {
        .range_start = 21161, .range_length = 42490, .glyph_id_start = 94,
        .unicode_list = unicode_list_2, .glyph_id_ofs_list = NULL, .list_length = 59, .type = LV_FONT_FMT_TXT_CMAP_SPARSE_TINY
    }
};



/*--------------------
 *  ALL CUSTOM DATA
 *--------------------*/

#if LV_VERSION_CHECK(8, 0, 0)
/*Store all the custom data of the font*/
static  lv_font_fmt_txt_glyph_cache_t cache;
static const lv_font_fmt_txt_dsc_t font_dsc = {
#else
static lv_font_fmt_txt_dsc_t font_dsc = {
#endif
    .glyph_bitmap = glyph_bitmap,
    .glyph_dsc = glyph_dsc,
    .cmaps = cmaps,
    .kern_dsc = NULL,
    .kern_scale = 0,
    .cmap_num = 3,
    .bpp = 4,
    .kern_classes = 0,
    .bitmap_format = 0,
#if LV_VERSION_CHECK(8, 0, 0)
    .cache = &cache
#endif
};


/*-----------------
 *  PUBLIC FONT
 *----------------*/

/*Initialize a public general font descriptor*/
#if LV_VERSION_CHECK(8, 0, 0)
const lv_font_t lv_font_simkai_27 = {
#else
lv_font_t lv_font_simkai_27 = {
#endif
    .get_glyph_dsc = lv_font_get_glyph_dsc_fmt_txt,    /*Function pointer to get glyph's data*/
    .get_glyph_bitmap = lv_font_get_bitmap_fmt_txt,    /*Function pointer to get glyph's bitmap*/
    .line_height = 30,          /*The maximum line height required by the font*/
    .base_line = 5,             /*Baseline measured from the bottom of the line*/
#if !(LVGL_VERSION_MAJOR == 6 && LVGL_VERSION_MINOR == 0)
    .subpx = LV_FONT_SUBPX_NONE,
#endif
#if LV_VERSION_CHECK(7, 4, 0) || LVGL_VERSION_MAJOR >= 8
    .underline_position = -2,
    .underline_thickness = 1,
#endif
    .dsc = &font_dsc           /*The custom font data. Will be accessed by `get_glyph_bitmap/dsc` */
};



#endif /*#if LV_FONT_SIMKAI_27*/

